user_id,visit_time,last_visit_time
7214545,2017-04-02 14:24:43,2017-04-02 15:28:17
7214545,2017-04-08 16:00:32,2017-04-08 16:18:59
7964333,2017-04-01 21:40:10,2017-04-01 23:56:37
7964333,2017-04-19 12:50:34,2017-04-19 15:34:47
7964333,2017-04-21 19:30:29,2017-04-21 20:38:01
8084284,2017-04-18 18:30:03,2017-04-18 18:58:52
8087248,2017-04-19 00:10:07,2017-04-19 15:13:57
8087573,2017-04-12 14:01:25,2017-04-12 14:40:25
8087573,2017-04-20 13:26:54,2017-04-20 13:42:46
8088678,2017-04-06 10:01:25,2017-04-06 12:36:11
8088678,2017-04-21 22:24:41,2017-04-21 22:24:44
8088678,2017-04-22 14:09:43,2017-04-22 18:21:24
8089315,2017-04-22 19:43:02,2017-04-22 20:35:27
8090043,2017-04-18 23:47:16,2017-04-19 00:01:32
8090043,2017-04-19 10:02:34,2017-04-19 17:13:35
8090043,2017-04-20 17:48:23,2017-04-20 20:32:57
8090368,2017-04-04 16:06:31,2017-04-04 21:58:17
8090368,2017-04-22 19:46:49,2017-04-22 23:36:06
8090368,2017-04-27 13:23:22,2017-04-27 13:51:44
8090368,2017-04-30 14:03:05,2017-04-30 14:08:40
8090576,2017-04-19 16:49:30,2017-04-19 17:35:35
10374767,2017-04-05 11:39:55,2017-04-05 22:17:51
10374767,2017-04-06 08:00:15,2017-04-06 08:20:32
10374767,2017-04-08 21:00:17,2017-04-08 22:28:49
10374767,2017-04-11 16:46:36,2017-04-11 23:29:59
10374767,2017-04-12 07:58:18,2017-04-12 12:42:52
10374767,2017-04-21 17:58:29,2017-04-21 19:50:37
10374767,2017-04-22 10:21:26,2017-04-22 22:12:26
10374767,2017-04-25 11:48:44,2017-04-25 19:09:40
10374767,2017-04-28 21:57:31,2017-04-28 23:49:32
11552177,2017-04-05 16:12:24,2017-04-05 17:43:58
11552177,2017-04-06 17:19:57,2017-04-06 17:36:57
11552177,2017-04-09 14:42:53,2017-04-09 14:45:25
11552177,2017-04-21 13:38:11,2017-04-21 13:41:07
11552177,2017-04-22 14:14:17,2017-04-22 15:54:41
11552177,2017-04-25 19:49:44,2017-04-25 20:43:24
11552177,2017-04-26 18:16:13,2017-04-26 19:20:33
11552177,2017-04-27 12:53:50,2017-04-27 15:16:42
11995893,2017-04-01 14:56:21,2017-04-01 15:02:45
11995893,2017-04-03 16:53:35,2017-04-03 16:53:37
11995893,2017-04-04 06:53:25,2017-04-04 06:53:26
12017395,2017-04-16 10:42:39,2017-04-16 11:21:04
12017395,2017-04-25 15:33:58,2017-04-25 15:45:17
12120225,2017-04-15 17:07:35,2017-04-15 18:53:55
12120225,2017-04-16 18:10:18,2017-04-16 19:45:22
12120225,2017-05-01 10:29:37,2017-05-01 10:30:45
12122279,2017-04-18 23:55:20,2017-04-19 00:00:42
12122279,2017-04-19 10:01:45,2017-04-19 20:01:33
12244856,2017-04-01 18:10:01,2017-04-01 20:12:14
12244856,2017-04-03 13:32:42,2017-04-03 20:40:15
12244856,2017-04-05 23:46:19,2017-04-05 23:46:19
12244856,2017-04-06 21:13:13,2017-04-06 22:26:03
12244856,2017-04-11 17:46:33,2017-04-11 20:32:55
12244856,2017-04-13 18:01:08,2017-04-13 20:56:45
12244856,2017-04-16 20:04:47,2017-04-16 20:24:13
12244856,2017-04-19 17:49:57,2017-04-19 20:13:25
12244856,2017-04-20 18:36:42,2017-04-20 21:27:07
12244856,2017-04-21 21:13:31,2017-04-21 21:20:46
12244856,2017-04-24 18:34:22,2017-04-24 20:07:36
12244856,2017-04-25 18:45:11,2017-04-25 20:56:44
12249458,2017-04-22 15:11:39,2017-04-22 15:11:39
12249458,2017-04-23 08:25:31,2017-04-23 20:44:03
12263953,2017-04-03 13:52:48,2017-04-03 21:12:17
12263953,2017-04-17 14:47:35,2017-04-17 15:45:43
12263953,2017-04-19 11:48:34,2017-04-19 12:54:09
12263953,2017-04-23 14:45:16,2017-04-23 14:58:41
12264850,2017-04-08 12:28:26,2017-04-08 15:25:29
12619113,2017-04-07 14:41:18,2017-04-07 21:58:46
12619113,2017-04-08 00:18:23,2017-04-08 00:20:25
12991134,2017-04-20 17:09:55,2017-04-20 18:28:26
12995905,2017-04-22 12:55:37,2017-04-22 16:54:39
13024167,2017-04-28 15:17:37,2017-04-28 17:00:39
13024440,2017-04-21 21:49:28,2017-04-21 23:59:41
13024440,2017-04-22 00:00:44,2017-04-22 00:12:14
13025181,2017-04-03 13:37:10,2017-04-03 17:57:52
13025181,2017-04-08 11:10:12,2017-04-08 18:25:42
13025181,2017-04-16 10:45:38,2017-04-16 10:45:38
13025597,2017-04-04 10:39:56,2017-04-04 17:07:43
13025766,2017-04-06 22:25:55,2017-04-06 22:46:51
13025766,2017-04-08 09:42:37,2017-04-08 09:56:27
13025766,2017-04-22 13:53:28,2017-04-22 18:06:15
13025766,2017-04-29 01:42:07,2017-04-29 09:19:39
13025909,2017-04-12 22:37:47,2017-04-12 22:42:49
13025909,2017-04-13 22:44:11,2017-04-13 23:15:29
13025909,2017-04-15 09:41:11,2017-04-15 10:20:09
13025909,2017-04-16 13:35:57,2017-04-16 23:15:55
13025909,2017-04-17 21:08:16,2017-04-17 21:25:57
13025909,2017-04-18 21:03:07,2017-04-18 21:13:54
13025909,2017-04-21 07:34:59,2017-04-21 07:54:13
13025909,2017-04-24 19:26:05,2017-04-24 19:45:00
13025909,2017-04-25 07:31:51,2017-04-25 19:43:34
13025909,2017-04-26 19:51:15,2017-04-26 20:44:33
13037024,2017-04-06 22:44:40,2017-04-06 23:59:37
13037024,2017-04-07 10:00:40,2017-04-07 23:34:13
13037024,2017-04-08 10:03:12,2017-04-08 23:06:03
13041951,2017-04-19 18:07:43,2017-04-19 19:32:23
13041951,2017-04-20 10:08:40,2017-04-20 11:05:26
13044603,2017-04-05 20:40:45,2017-04-05 20:45:04
13044603,2017-04-06 09:14:31,2017-04-07 00:00:42
13044603,2017-04-07 10:01:41,2017-04-07 23:59:13
13044603,2017-04-08 10:00:12,2017-04-09 00:00:43
13044603,2017-04-09 10:01:43,2017-04-10 00:00:09
13044603,2017-04-10 00:01:08,2017-04-10 09:11:07
13045708,2017-04-22 08:24:20,2017-04-22 22:40:27
13049829,2017-04-05 12:14:42,2017-04-05 23:59:37
13049829,2017-04-06 10:00:37,2017-04-06 23:36:37
13049829,2017-04-07 10:13:13,2017-04-07 23:35:07
13049829,2017-04-08 10:24:04,2017-04-08 20:04:27
13049829,2017-04-09 20:26:23,2017-04-10 00:02:00
13049829,2017-04-10 10:03:03,2017-04-10 23:18:16
13049829,2017-04-11 10:02:26,2017-04-11 23:59:47
13049829,2017-04-12 10:00:47,2017-04-12 22:37:29
13049829,2017-04-13 10:17:15,2017-04-14 00:00:03
13049829,2017-04-14 10:01:07,2017-04-14 21:28:50
13056901,2017-04-02 16:02:14,2017-04-02 23:53:56
13056901,2017-04-09 22:45:47,2017-04-09 23:59:09
13056901,2017-04-16 23:45:46,2017-04-16 23:49:32
13056901,2017-04-23 16:43:28,2017-04-23 20:25:52
13056901,2017-04-29 09:02:19,2017-04-29 09:09:43
13070447,2017-04-11 16:55:40,2017-04-12 03:44:11
13070447,2017-04-12 13:46:04,2017-04-13 00:01:58
13070447,2017-04-13 10:03:33,2017-04-14 00:43:12
13070447,2017-04-14 10:43:37,2017-04-15 00:04:05
13070447,2017-04-15 10:05:23,2017-04-15 17:10:56
13070447,2017-04-16 00:41:14,2017-04-16 00:41:16
13070447,2017-04-22 09:17:23,2017-04-22 19:40:30
13070668,2017-04-22 17:10:00,2017-04-22 23:03:34
13070668,2017-04-23 14:35:37,2017-04-23 20:44:57
13093002,2017-04-10 10:04:37,2017-04-10 17:47:34
13093002,2017-04-11 08:52:23,2017-04-11 13:30:10
13093002,2017-04-12 08:54:08,2017-04-12 23:59:25
13093002,2017-04-13 10:00:27,2017-04-13 21:13:45
13093002,2017-04-14 09:30:20,2017-04-14 10:27:03
13102635,2017-04-12 11:18:39,2017-04-12 19:53:07
13102635,2017-04-13 08:53:34,2017-04-13 20:17:29
13102635,2017-04-14 12:14:10,2017-04-14 20:20:31
13102635,2017-04-15 13:26:41,2017-04-15 17:17:11
13102635,2017-04-17 09:03:37,2017-04-17 18:31:34
13102635,2017-04-18 09:13:38,2017-04-18 19:28:22
13102635,2017-04-19 16:48:34,2017-04-19 18:01:08
13102635,2017-04-21 09:08:35,2017-04-21 11:07:54
13102635,2017-04-24 08:57:46,2017-04-24 20:07:51
13102635,2017-04-25 09:09:32,2017-04-25 18:13:21
13102635,2017-04-26 08:59:55,2017-04-26 14:20:13
13694317,2017-04-05 15:05:56,2017-04-05 20:52:00
13694317,2017-04-18 18:39:54,2017-04-18 22:05:51
13694811,2017-04-04 14:04:42,2017-04-04 22:09:31
13694811,2017-04-05 22:45:47,2017-04-05 22:46:54
13694811,2017-04-06 00:23:16,2017-04-06 01:21:50
13694811,2017-04-09 13:14:44,2017-04-09 19:29:02
13694811,2017-04-15 11:14:13,2017-04-15 12:25:10
13694811,2017-04-17 10:29:41,2017-04-17 10:53:37
13694902,2017-04-03 11:06:00,2017-04-03 12:17:04
13694902,2017-04-04 12:22:12,2017-04-04 22:55:36
13694902,2017-04-06 18:57:29,2017-04-06 21:05:51
13694902,2017-04-13 21:43:48,2017-04-13 23:59:05
13694902,2017-04-14 00:00:04,2017-04-14 09:22:52
13694941,2017-04-18 20:43:36,2017-04-18 22:21:43
13694941,2017-04-23 16:29:47,2017-04-23 18:00:38
13694954,2017-04-04 15:46:59,2017-04-04 23:40:03
13694954,2017-04-05 19:28:11,2017-04-05 19:56:28
13694954,2017-04-09 12:41:52,2017-04-09 13:54:18
13694954,2017-04-10 13:00:06,2017-04-10 16:18:02
13694954,2017-04-11 10:05:10,2017-04-11 11:07:35
13694954,2017-04-13 17:46:01,2017-04-13 18:42:47
13694954,2017-04-16 12:41:21,2017-04-16 18:14:38
13694954,2017-04-17 12:51:30,2017-04-17 15:23:14
13694954,2017-04-18 09:56:47,2017-04-18 14:36:12
13694954,2017-04-19 13:30:57,2017-04-19 19:47:09
13695123,2017-04-22 18:18:00,2017-04-22 19:49:27
13695123,2017-04-23 10:55:01,2017-04-23 20:40:37
13695123,2017-04-25 13:28:27,2017-04-25 13:28:27
13695149,2017-04-16 16:51:15,2017-04-16 20:11:18
13695149,2017-04-17 18:03:47,2017-04-17 18:39:55
13695409,2017-04-23 13:23:39,2017-04-23 15:11:22
13695409,2017-04-24 13:47:48,2017-04-24 13:58:01
13695409,2017-04-26 13:51:35,2017-04-26 13:56:03
13695435,2017-04-19 12:54:31,2017-04-19 23:38:38
13695435,2017-04-20 21:39:27,2017-04-20 23:31:21
13695435,2017-04-21 18:32:00,2017-04-21 22:37:49
13695435,2017-04-22 11:22:02,2017-04-22 23:58:36
13695435,2017-04-23 13:07:32,2017-04-23 14:26:28
13695916,2017-04-22 17:15:56,2017-04-22 17:16:00
13695916,2017-05-01 00:41:42,2017-05-01 14:32:56
13696202,2017-04-23 09:59:42,2017-04-23 12:28:09
13696527,2017-04-24 15:39:12,2017-04-24 22:54:57
13696527,2017-04-30 15:46:19,2017-04-30 18:06:13
13696605,2017-04-23 12:37:40,2017-04-23 15:19:05
13696670,2017-04-04 18:18:33,2017-04-04 20:51:28
13696670,2017-04-11 15:34:36,2017-04-11 17:24:15
13696670,2017-04-30 15:43:55,2017-04-30 17:14:48
13696696,2017-04-05 08:27:08,2017-04-05 10:07:57
13696696,2017-04-09 15:22:46,2017-04-09 20:25:56
13696696,2017-04-10 08:08:49,2017-04-10 19:59:04
13696696,2017-04-11 08:02:09,2017-04-11 19:30:29
13696696,2017-04-12 09:02:22,2017-04-12 16:27:40
13696696,2017-04-13 08:02:22,2017-04-13 19:53:22
13696696,2017-04-14 20:03:10,2017-04-14 22:06:22
13696696,2017-04-15 08:56:43,2017-04-15 09:36:48
13696865,2017-05-01 00:36:43,2017-05-01 16:12:21
13696891,2017-04-11 10:26:39,2017-04-11 22:46:51
13696891,2017-04-12 09:38:24,2017-04-12 13:03:05
13696891,2017-04-13 13:41:55,2017-04-13 23:14:18
13696891,2017-04-14 13:57:21,2017-04-14 15:12:35
13696891,2017-04-15 11:14:26,2017-04-15 15:44:24
13696891,2017-04-18 08:29:52,2017-04-18 09:39:18
13696891,2017-04-20 14:22:24,2017-04-20 14:28:35
13696891,2017-04-21 14:32:17,2017-04-21 14:48:37
13697099,2017-04-15 19:11:29,2017-04-15 19:31:03
13697099,2017-04-17 14:12:37,2017-04-17 14:45:18
13697099,2017-04-18 20:27:16,2017-04-18 20:55:19
13697099,2017-04-23 16:28:22,2017-04-23 17:00:24
13697892,2017-04-05 08:56:42,2017-04-05 13:13:43
13697892,2017-04-16 21:02:07,2017-04-16 21:07:14
13697892,2017-04-26 12:41:54,2017-04-26 12:49:02
14441323,2017-04-04 23:28:46,2017-04-04 23:54:50
14441323,2017-04-05 13:30:30,2017-04-05 16:11:37
14441323,2017-04-09 01:31:21,2017-04-09 01:38:08
14441323,2017-04-17 09:45:17,2017-04-17 10:17:20
14441323,2017-04-24 12:18:26,2017-04-24 12:30:02
14441323,2017-04-28 01:42:44,2017-04-28 01:48:22
15258269,2017-04-10 11:24:17,2017-04-10 14:31:49
15258282,2017-04-20 17:47:11,2017-04-20 23:59:40
15258282,2017-04-21 10:00:42,2017-04-21 18:28:43
15258282,2017-04-22 09:03:45,2017-04-22 18:20:21
15258282,2017-04-24 07:20:00,2017-04-24 14:20:23
15258282,2017-04-25 08:34:50,2017-04-25 15:34:01
15258282,2017-04-26 14:29:24,2017-04-26 21:09:18
15258282,2017-04-27 13:58:41,2017-04-27 15:25:08
15258282,2017-04-28 15:23:56,2017-04-28 17:34:04
15258295,2017-04-05 14:35:28,2017-04-05 16:02:24
15258295,2017-04-07 18:07:44,2017-04-08 00:00:13
15258295,2017-04-08 10:01:16,2017-04-08 19:07:38
15258295,2017-04-10 09:54:32,2017-04-10 19:42:27
15258295,2017-04-11 09:58:14,2017-04-11 11:09:21
15258295,2017-04-26 10:51:33,2017-04-26 22:04:50
15258295,2017-04-28 11:14:23,2017-04-28 18:09:32
15258295,2017-04-30 17:29:10,2017-04-30 17:57:32
15258308,2017-04-03 10:23:36,2017-04-03 10:35:09
15258308,2017-04-04 10:44:06,2017-04-04 19:34:55
15258308,2017-04-07 19:51:31,2017-04-07 20:37:43
15258308,2017-04-08 17:32:59,2017-04-08 21:24:04
15258308,2017-04-09 12:14:16,2017-04-09 17:33:47
15258308,2017-04-11 22:16:01,2017-04-11 22:47:22
15258308,2017-04-12 14:25:51,2017-04-12 14:45:21
15258308,2017-04-15 23:19:37,2017-04-16 00:10:57
15258308,2017-04-16 00:10:55,2017-04-16 14:00:46
15258308,2017-04-18 22:55:02,2017-04-18 22:55:02
15258308,2017-04-19 21:12:29,2017-04-19 22:50:16
15258308,2017-04-20 08:33:48,2017-04-20 18:55:45
15258308,2017-04-21 21:10:56,2017-04-21 21:50:16
15258308,2017-04-24 19:51:43,2017-04-24 22:39:05
15258308,2017-04-25 11:24:05,2017-04-25 21:19:01
15258308,2017-04-26 15:34:57,2017-04-26 20:17:14
15258308,2017-04-27 11:48:48,2017-04-27 15:08:35
15258308,2017-04-29 09:20:33,2017-04-29 12:54:16
15258321,2017-04-03 15:37:33,2017-04-03 17:33:59
15258321,2017-04-16 21:24:00,2017-04-16 23:08:34
15258321,2017-04-30 17:45:09,2017-04-30 22:37:04
15258321,2017-05-01 09:23:01,2017-05-01 10:54:41
15258334,2017-04-01 05:54:19,2017-04-01 18:04:59
15258334,2017-04-06 07:44:01,2017-04-06 08:14:23
15258334,2017-04-07 07:47:29,2017-04-07 08:12:18
15258334,2017-04-08 15:25:27,2017-04-08 16:01:24
15258334,2017-04-09 17:06:34,2017-04-09 20:53:38
15258334,2017-04-10 07:36:05,2017-04-10 08:00:54
15258334,2017-04-11 07:45:30,2017-04-11 21:33:49
15258334,2017-04-12 07:40:12,2017-04-12 08:13:45
15258334,2017-04-14 07:39:37,2017-04-14 19:04:27
15258334,2017-04-18 07:47:30,2017-04-18 08:37:41
15258334,2017-04-19 07:38:36,2017-04-19 13:29:57
15258334,2017-04-20 07:39:12,2017-04-20 14:01:14
15258334,2017-04-21 05:45:31,2017-04-21 08:16:53
15258334,2017-04-22 06:30:10,2017-04-22 16:24:46
15258334,2017-04-23 10:04:08,2017-04-23 16:07:51
15258334,2017-04-24 03:30:40,2017-04-24 08:17:20
15258334,2017-04-25 05:16:59,2017-04-25 12:57:43
15258334,2017-04-26 04:14:54,2017-04-26 13:22:59
15258334,2017-04-28 14:46:05,2017-04-28 22:54:27
15258334,2017-04-30 05:03:40,2017-04-30 06:18:50
15258360,2017-04-08 00:36:27,2017-04-08 02:43:07
15258360,2017-04-10 00:52:17,2017-04-10 01:35:41
15258360,2017-04-11 11:45:33,2017-04-11 13:35:03
15258360,2017-04-12 22:01:26,2017-04-13 00:05:54
15258360,2017-04-13 08:53:58,2017-04-14 00:18:15
15258360,2017-04-14 00:21:33,2017-04-14 13:35:47
15258360,2017-04-15 22:42:04,2017-04-15 23:59:06
15258360,2017-04-16 10:00:24,2017-04-16 23:50:22
15258360,2017-04-17 13:29:38,2017-04-18 00:02:46
15258360,2017-04-18 10:00:09,2017-04-18 23:48:48
15258360,2017-04-19 20:16:25,2017-04-20 00:00:01
15258360,2017-04-20 10:00:03,2017-04-20 22:06:26
15258373,2017-04-04 14:47:36,2017-04-04 22:40:09
15258373,2017-04-05 19:46:59,2017-04-05 20:55:56
15258373,2017-04-09 09:55:52,2017-04-09 21:20:49
15258373,2017-04-17 19:08:33,2017-04-17 21:10:39
15258373,2017-04-18 14:12:12,2017-04-18 22:41:47
15258373,2017-04-19 14:27:42,2017-04-19 17:46:52
15258373,2017-04-22 10:41:21,2017-04-22 21:24:50
15258373,2017-04-27 14:30:58,2017-04-27 17:39:03
15258373,2017-04-28 09:09:47,2017-04-28 17:43:03
15258373,2017-04-30 20:39:33,2017-05-01 00:08:40
15258373,2017-05-01 00:08:38,2017-05-01 05:15:03
15258386,2017-04-01 13:08:38,2017-04-01 23:59:17
15258386,2017-04-02 10:00:16,2017-04-02 22:07:07
15258386,2017-04-03 09:27:58,2017-04-03 23:10:05
15258386,2017-04-04 08:10:53,2017-04-04 12:45:18
15258386,2017-04-12 19:40:14,2017-04-12 20:42:38
15258386,2017-04-13 19:24:47,2017-04-13 20:52:37
15258386,2017-04-20 20:24:39,2017-04-20 20:27:38
15258412,2017-04-12 21:08:17,2017-04-12 22:18:53
15258412,2017-04-13 11:22:10,2017-04-13 21:18:46
15258412,2017-04-15 10:52:50,2017-04-15 17:45:30
15258412,2017-04-23 14:39:36,2017-04-23 22:00:03
15258412,2017-04-27 20:26:01,2017-04-27 23:59:55
15258412,2017-04-28 00:00:58,2017-04-28 02:55:58
15258425,2017-04-08 00:09:38,2017-04-08 09:22:52
15258425,2017-04-09 15:46:33,2017-04-09 22:15:57
15258425,2017-04-10 10:30:35,2017-04-10 20:37:58
15258425,2017-04-11 10:05:58,2017-04-11 19:58:42
15258425,2017-04-12 10:28:45,2017-04-13 00:00:20
15258425,2017-04-13 00:01:22,2017-04-13 00:21:24
15258438,2017-04-01 18:33:44,2017-04-01 18:37:38
15258438,2017-04-02 16:36:05,2017-04-02 16:39:58
15258438,2017-04-04 12:38:10,2017-04-04 14:02:01
15258438,2017-04-06 14:32:06,2017-04-06 14:36:06
15258438,2017-04-07 07:32:57,2017-04-07 20:35:14
15258438,2017-04-08 06:33:01,2017-04-08 07:11:48
15258438,2017-04-15 09:16:39,2017-04-15 11:46:14
15258438,2017-04-18 06:50:21,2017-04-18 11:15:14
15258438,2017-04-21 19:54:26,2017-04-21 21:44:48
15258438,2017-04-22 09:01:58,2017-04-22 10:12:02
15258438,2017-04-24 17:29:46,2017-04-24 20:16:08
15258438,2017-04-25 15:16:07,2017-04-25 18:22:40
15258438,2017-04-26 09:13:28,2017-04-26 20:53:56
15258438,2017-04-27 09:12:19,2017-04-27 10:32:32
15258438,2017-04-30 18:43:56,2017-04-30 20:06:26
15258451,2017-04-01 14:52:55,2017-04-01 17:25:16
15258451,2017-04-05 16:53:58,2017-04-05 17:54:24
15258451,2017-04-06 10:12:56,2017-04-06 20:02:28
15258451,2017-04-28 14:19:03,2017-04-28 19:04:10
15258464,2017-04-01 15:11:01,2017-04-01 16:17:58
15258464,2017-04-05 10:41:24,2017-04-05 12:41:03
15258464,2017-04-10 13:03:59,2017-04-10 13:06:01
15258464,2017-04-11 10:23:16,2017-04-11 15:19:07
15258464,2017-04-13 11:17:23,2017-04-13 17:34:13
15258464,2017-04-14 09:25:40,2017-04-14 23:57:56
15258464,2017-04-15 10:06:01,2017-04-15 20:49:37
15258464,2017-04-16 20:28:26,2017-04-16 22:47:48
15258464,2017-04-17 09:32:00,2017-04-17 14:54:45
15258490,2017-04-04 12:23:47,2017-04-05 00:03:05
15258490,2017-04-05 10:04:07,2017-04-05 23:59:32
15258490,2017-04-06 00:00:31,2017-04-06 00:11:12
15258490,2017-04-18 20:36:57,2017-04-18 21:13:25
15258516,2017-04-01 08:10:02,2017-04-01 08:49:20
15258516,2017-04-02 10:09:13,2017-04-02 11:26:10
15258516,2017-04-04 09:54:22,2017-04-05 00:16:45
15258516,2017-04-10 08:08:46,2017-04-10 08:39:08
15258516,2017-04-16 17:07:30,2017-04-16 17:57:03
15258516,2017-04-17 00:16:06,2017-04-17 00:25:13
15258516,2017-04-18 08:45:09,2017-04-18 19:08:12
15258516,2017-04-19 08:08:00,2017-04-20 00:04:00
15258516,2017-04-20 00:04:59,2017-04-20 09:02:32
15258516,2017-04-24 08:28:25,2017-04-24 08:41:53
15258516,2017-04-26 22:59:07,2017-04-26 23:40:45
15258516,2017-04-29 12:46:21,2017-04-29 12:58:22
15258516,2017-05-01 10:12:27,2017-05-01 23:55:20
15258542,2017-04-06 15:25:42,2017-04-06 16:32:38
15258555,2017-04-02 14:26:47,2017-04-02 15:02:13
15258555,2017-04-04 16:57:39,2017-04-04 23:58:03
15258555,2017-04-05 16:46:41,2017-04-06 00:01:28
15258555,2017-04-06 10:02:31,2017-04-06 23:59:38
15258555,2017-04-07 00:00:37,2017-04-07 09:15:22
15258555,2017-04-10 19:40:44,2017-04-10 23:02:29
15258555,2017-04-12 17:14:47,2017-04-12 17:48:08
15258555,2017-04-14 12:38:49,2017-04-14 18:30:13
15258555,2017-04-15 10:28:11,2017-04-15 18:47:23
15258555,2017-04-17 21:21:48,2017-04-17 23:59:47
15258555,2017-04-18 00:00:48,2017-04-18 00:05:20
15258555,2017-04-19 07:29:07,2017-04-19 21:45:46
15258555,2017-04-22 07:44:20,2017-04-22 07:57:57
15258555,2017-04-23 10:36:50,2017-04-23 17:38:38
15258555,2017-04-24 14:48:18,2017-04-24 23:49:58
15258555,2017-04-25 23:49:27,2017-04-26 00:09:05
15258555,2017-04-26 10:00:26,2017-04-26 23:06:23
15258555,2017-04-30 17:09:54,2017-04-30 18:27:19
15258568,2017-04-06 09:44:19,2017-04-06 17:26:48
15258568,2017-04-11 09:19:24,2017-04-11 20:53:26
15258568,2017-04-12 19:00:00,2017-04-12 23:59:52
15258568,2017-04-13 10:00:55,2017-04-13 21:09:47
15258568,2017-04-14 17:07:23,2017-04-14 23:59:28
15258568,2017-04-15 00:03:35,2017-04-15 10:30:53
15258581,2017-04-08 11:27:58,2017-04-08 17:16:39
15258581,2017-04-09 12:38:02,2017-04-09 19:19:43
15258581,2017-04-12 18:02:39,2017-04-12 23:59:28
15258581,2017-04-13 10:00:28,2017-04-13 23:21:24
15258581,2017-04-14 17:02:24,2017-04-14 21:16:29
15258581,2017-04-15 09:00:30,2017-04-15 23:16:23
15258581,2017-04-16 09:36:31,2017-04-16 12:10:50
15258620,2017-04-03 22:35:58,2017-04-03 23:18:28
15258659,2017-04-07 14:02:08,2017-04-07 18:11:06
15258659,2017-04-22 16:54:02,2017-04-22 22:14:52
15258659,2017-04-23 10:14:14,2017-04-23 17:23:42
15258698,2017-04-06 18:10:35,2017-04-07 06:27:41
15258698,2017-04-15 10:36:45,2017-04-15 11:44:06
15258698,2017-04-22 08:43:13,2017-04-22 09:17:56
15258698,2017-04-24 20:16:09,2017-04-24 20:47:44
15258698,2017-04-26 23:05:08,2017-04-27 04:29:20
15258698,2017-04-28 22:36:44,2017-04-29 05:50:44
15258698,2017-05-01 23:05:09,2017-05-01 23:58:29
15258711,2017-04-06 23:03:52,2017-04-07 00:00:52
15258711,2017-04-07 00:01:36,2017-04-07 01:55:34
15258711,2017-04-17 00:09:29,2017-04-17 01:40:36
15258711,2017-04-22 17:00:45,2017-04-22 23:59:49
15258711,2017-04-23 00:00:48,2017-04-23 02:14:43
15258711,2017-04-25 22:21:06,2017-04-25 23:59:08
15258711,2017-04-26 10:00:11,2017-04-26 23:59:40
15258711,2017-04-27 00:00:39,2017-04-27 01:03:44
15258737,2017-04-09 16:01:03,2017-04-09 16:10:26
15258737,2017-04-20 20:38:30,2017-04-20 23:59:52
15258737,2017-04-21 10:00:51,2017-04-21 16:55:35
15258737,2017-04-24 15:31:36,2017-04-24 16:38:54
15258776,2017-04-15 12:48:59,2017-04-15 23:59:00
15258776,2017-04-16 00:00:00,2017-04-16 03:51:49
15258789,2017-04-20 08:37:25,2017-04-20 11:48:15
15258789,2017-05-01 12:37:34,2017-05-01 23:56:15
15258802,2017-04-10 13:18:15,2017-04-10 14:07:11
15258802,2017-04-11 12:53:01,2017-04-11 14:52:39
15258802,2017-04-12 13:20:04,2017-04-12 14:37:17
15258802,2017-04-14 13:21:32,2017-04-14 14:13:45
15258802,2017-04-15 10:26:16,2017-04-15 22:35:11
15258802,2017-04-23 15:07:09,2017-04-23 15:43:45
15258815,2017-04-27 21:18:46,2017-04-28 00:01:00
15258815,2017-04-28 10:13:24,2017-04-28 23:44:02
15258815,2017-04-29 00:01:00,2017-04-29 00:01:00
15258841,2017-04-09 17:01:29,2017-04-09 23:59:16
15258841,2017-04-10 10:00:15,2017-04-10 23:58:43
15258841,2017-04-11 00:00:12,2017-04-11 00:11:16
15258854,2017-04-01 06:51:07,2017-04-01 06:51:07
15258854,2017-04-07 21:46:56,2017-04-07 22:46:51
15258854,2017-04-22 21:22:35,2017-04-22 22:17:28
15258854,2017-04-23 01:18:28,2017-04-23 01:18:28
15258854,2017-04-27 19:33:59,2017-04-27 21:15:48
15258867,2017-04-05 20:50:02,2017-04-05 21:17:36
15258867,2017-04-08 08:33:34,2017-04-08 08:47:45
15258867,2017-04-11 19:48:00,2017-04-11 22:23:38
15258867,2017-04-13 23:44:21,2017-04-14 00:01:29
15258867,2017-04-14 07:34:23,2017-04-14 07:40:34
15258867,2017-04-15 09:51:10,2017-04-15 10:59:32
15258867,2017-04-16 16:47:17,2017-04-16 16:54:50
15258867,2017-04-17 21:57:31,2017-04-17 23:44:18
15258867,2017-04-18 08:14:03,2017-04-18 08:27:29
15258867,2017-04-19 20:52:24,2017-04-19 20:57:59
15258867,2017-04-23 12:07:05,2017-04-23 12:27:58
15258867,2017-04-24 22:53:58,2017-04-24 23:32:44
15258867,2017-04-30 08:35:18,2017-04-30 23:32:50
15258867,2017-05-01 20:05:50,2017-05-01 23:57:30
15258880,2017-04-23 10:56:35,2017-04-23 12:29:06
15258880,2017-04-24 21:39:47,2017-04-24 23:48:22
15258880,2017-04-25 20:43:25,2017-04-25 21:47:24
15258893,2017-04-08 22:59:09,2017-04-09 00:03:10
15258893,2017-04-09 10:04:09,2017-04-10 00:00:09
15258893,2017-04-10 00:01:08,2017-04-10 09:00:38
15258893,2017-04-15 19:24:09,2017-04-15 23:59:54
15258893,2017-04-16 00:00:55,2017-04-16 01:42:34
15258893,2017-04-19 19:59:56,2017-04-20 00:00:46
15258893,2017-04-20 00:01:49,2017-04-20 09:04:24
15258893,2017-04-22 20:23:35,2017-04-22 23:59:25
15258893,2017-04-23 00:00:24,2017-04-23 12:24:21
15258906,2017-04-01 22:11:35,2017-04-01 23:53:27
15258906,2017-04-02 00:01:48,2017-04-02 09:42:15
15258906,2017-04-03 23:52:04,2017-04-03 23:59:10
15258906,2017-04-04 10:00:13,2017-04-04 23:59:14
15258906,2017-04-05 00:00:13,2017-04-05 02:18:30
15258906,2017-04-06 00:25:55,2017-04-06 01:13:52
15258906,2017-04-11 00:52:56,2017-04-11 01:30:08
15258906,2017-04-22 23:25:58,2017-04-22 23:59:12
15258906,2017-04-23 10:00:11,2017-04-23 21:36:54
15258984,2017-04-01 08:52:37,2017-04-01 17:12:29
15258984,2017-04-05 08:52:00,2017-04-05 17:16:46
15258984,2017-04-06 09:10:57,2017-04-06 17:06:46
15258984,2017-04-07 09:39:06,2017-04-07 17:19:36
15258984,2017-04-10 09:40:48,2017-04-10 17:18:18
15258984,2017-04-11 09:52:57,2017-04-11 16:53:38
15258984,2017-04-12 08:58:10,2017-04-12 17:20:09
15258984,2017-04-13 09:17:25,2017-04-13 17:28:39
15258984,2017-04-14 09:03:10,2017-04-14 11:22:39
15258984,2017-04-17 14:51:42,2017-04-17 21:06:37
15258984,2017-04-18 15:21:14,2017-04-18 21:14:43
15258984,2017-04-19 10:20:49,2017-04-19 17:08:32
15258984,2017-04-20 09:56:13,2017-04-20 17:28:37
15258984,2017-04-21 14:20:11,2017-04-21 17:39:05
15258984,2017-04-24 10:17:49,2017-04-24 17:20:30
15258984,2017-04-25 09:00:56,2017-04-25 19:09:13
15258984,2017-04-26 14:40:27,2017-04-26 21:24:10
15258984,2017-04-27 10:29:14,2017-04-27 18:31:30
15258984,2017-04-28 10:52:44,2017-04-28 17:38:16
15258997,2017-04-18 10:17:24,2017-04-18 23:59:16
15258997,2017-04-19 10:00:15,2017-04-20 00:00:16
15258997,2017-04-20 00:01:19,2017-04-20 14:59:08
15258997,2017-04-22 08:49:40,2017-04-23 00:00:37
15258997,2017-04-23 10:01:36,2017-04-23 22:04:29
15258997,2017-04-24 07:38:41,2017-04-24 23:59:01
15258997,2017-04-25 10:00:04,2017-04-26 00:06:36
15258997,2017-04-26 00:07:39,2017-04-26 04:25:39
15259036,2017-04-02 09:02:28,2017-04-02 15:45:15
15259036,2017-04-03 19:23:04,2017-04-03 20:43:05
15259036,2017-04-04 12:38:25,2017-04-04 22:39:24
15259036,2017-04-05 10:32:56,2017-04-05 22:02:32
15259036,2017-04-07 12:17:24,2017-04-07 16:16:33
15259036,2017-04-08 09:39:33,2017-04-08 11:20:48
15259036,2017-04-26 21:39:58,2017-04-26 22:45:28
15259049,2017-04-09 14:55:33,2017-04-09 18:13:44
15259049,2017-04-18 08:40:20,2017-04-18 09:01:00
15259049,2017-04-19 07:07:38,2017-04-19 07:50:02
15259049,2017-04-21 17:51:56,2017-04-21 18:12:35
15259049,2017-04-22 15:50:20,2017-04-22 21:56:56
15259049,2017-04-23 16:15:05,2017-04-23 18:49:14
15259062,2017-04-04 16:00:31,2017-04-04 16:37:04
15259062,2017-04-08 22:43:22,2017-04-08 23:59:34
15259062,2017-04-09 10:00:36,2017-04-09 18:41:27
15259062,2017-04-12 06:56:39,2017-04-12 07:06:06
15259062,2017-04-19 06:50:27,2017-04-19 07:43:11
15259062,2017-04-20 23:28:24,2017-04-20 23:59:44
15259062,2017-04-21 00:00:47,2017-04-21 01:13:05
15259062,2017-04-23 17:06:13,2017-04-23 17:45:07
15259062,2017-04-24 06:45:05,2017-04-24 07:10:42
15259075,2017-04-05 20:16:11,2017-04-05 20:55:49
15259075,2017-04-16 09:22:30,2017-04-16 22:02:44
15259075,2017-04-21 21:32:34,2017-04-21 22:00:22
15259075,2017-04-23 21:06:44,2017-04-23 21:42:21
15259075,2017-04-27 11:35:06,2017-04-27 21:50:20
15259075,2017-04-28 22:15:09,2017-04-28 23:00:32
15259075,2017-04-29 10:29:17,2017-04-29 22:52:33
15259075,2017-04-30 18:55:58,2017-04-30 22:26:59
15259075,2017-05-01 09:55:41,2017-05-01 23:00:53
15259127,2017-04-04 23:07:25,2017-04-05 00:01:19
15259127,2017-04-05 00:02:18,2017-04-05 00:28:57
15259140,2017-04-26 11:34:41,2017-04-26 23:59:52
15259140,2017-04-27 10:00:20,2017-04-28 00:01:02
15259140,2017-04-28 10:02:05,2017-04-28 22:25:18
15259140,2017-04-29 17:08:32,2017-04-29 23:53:32
15259140,2017-04-30 17:12:29,2017-05-01 00:01:36
15259140,2017-05-01 00:02:38,2017-05-01 09:53:44
15259179,2017-04-02 18:13:56,2017-04-02 19:37:59
15259192,2017-04-01 07:01:22,2017-04-01 22:16:36
15259192,2017-04-02 14:54:34,2017-04-02 22:07:20
15259192,2017-04-03 22:59:52,2017-04-03 23:47:47
15259192,2017-04-08 20:47:57,2017-04-08 20:47:57
15259192,2017-04-17 22:47:42,2017-04-17 22:47:42
15259192,2017-04-22 14:18:38,2017-04-22 14:51:37
15259192,2017-04-23 13:45:33,2017-04-23 15:47:15
15259192,2017-04-27 21:24:48,2017-04-27 22:44:28
15259192,2017-04-29 10:51:58,2017-04-29 10:51:58
15259192,2017-04-30 13:08:12,2017-04-30 13:13:22
15259218,2017-04-20 21:45:22,2017-04-20 22:00:57
15259218,2017-04-21 14:31:35,2017-04-21 23:24:12
15259218,2017-04-30 21:05:37,2017-04-30 21:38:57
15259231,2017-04-06 00:27:09,2017-04-06 07:10:32
15259231,2017-04-08 01:46:57,2017-04-08 02:46:27
15259231,2017-04-23 16:10:35,2017-04-23 17:21:16
15259231,2017-04-24 12:28:34,2017-04-24 14:11:18
15259231,2017-04-27 16:07:11,2017-04-27 17:27:25
15259231,2017-04-30 00:48:16,2017-04-30 02:40:29
15259231,2017-05-01 16:05:16,2017-05-01 17:47:03
15259244,2017-04-01 21:30:42,2017-04-01 22:25:40
15259244,2017-04-04 14:44:54,2017-04-04 17:40:13
15259244,2017-04-06 20:32:42,2017-04-06 22:48:48
15259244,2017-04-08 10:10:59,2017-04-08 11:47:09
15259244,2017-04-10 07:25:51,2017-04-10 22:46:13
15259244,2017-04-11 07:34:40,2017-04-11 19:08:56
15259244,2017-04-16 14:49:44,2017-04-16 17:25:23
15259244,2017-04-23 14:25:01,2017-04-23 17:16:25
15259244,2017-05-01 10:30:32,2017-05-01 17:02:51
15259257,2017-04-03 21:33:42,2017-04-03 23:50:59
15259257,2017-04-06 21:43:20,2017-04-06 23:11:15
15259257,2017-04-08 14:03:25,2017-04-08 15:55:43
15259257,2017-04-10 21:07:02,2017-04-10 23:44:05
15259257,2017-04-19 22:39:59,2017-04-19 23:24:26
15259257,2017-04-23 20:58:26,2017-04-23 21:44:58
15259257,2017-04-30 14:00:36,2017-04-30 20:03:36
15259257,2017-05-01 00:36:15,2017-05-01 16:01:20
15259309,2017-04-09 16:48:34,2017-04-09 19:40:42
15259309,2017-04-11 22:12:12,2017-04-11 22:13:16
15259309,2017-04-16 13:27:49,2017-04-16 19:23:32
15259309,2017-04-22 17:02:21,2017-04-22 23:59:08
15259309,2017-04-23 10:00:07,2017-04-23 18:19:51
15259322,2017-04-01 19:46:01,2017-04-01 23:58:07
15259322,2017-04-02 06:36:36,2017-04-02 22:20:27
15259322,2017-04-03 08:10:53,2017-04-03 23:59:31
15259322,2017-04-04 10:00:30,2017-04-04 20:20:03
15259322,2017-04-06 19:37:29,2017-04-06 22:31:35
15259322,2017-04-07 06:49:53,2017-04-07 22:15:47
15259322,2017-04-13 20:12:22,2017-04-13 22:02:34
15259322,2017-04-15 08:54:52,2017-04-16 00:01:46
15259322,2017-04-16 10:01:52,2017-04-16 23:22:10
15259322,2017-04-19 20:17:15,2017-04-20 00:01:40
15259322,2017-04-20 10:01:38,2017-04-21 00:00:03
15259322,2017-04-21 00:00:05,2017-04-21 02:46:49
15259322,2017-04-28 22:00:31,2017-04-28 22:49:38
15259322,2017-04-29 07:32:04,2017-04-29 23:18:54
15457182,2017-04-01 20:43:06,2017-04-01 22:46:17
15457182,2017-04-04 18:11:50,2017-04-04 19:12:56
15457182,2017-04-13 16:23:30,2017-04-13 16:54:06
15457182,2017-04-23 18:48:27,2017-04-23 21:28:04
15457182,2017-04-26 10:38:19,2017-04-26 17:12:55
15457182,2017-04-29 11:56:18,2017-04-29 11:59:44
15932072,2017-04-11 13:08:10,2017-04-11 13:15:49
15932072,2017-04-17 12:40:44,2017-04-17 13:22:22
15932072,2017-04-18 12:36:49,2017-04-18 13:18:10
15932072,2017-04-24 12:08:12,2017-04-24 13:10:12
15932072,2017-04-25 13:09:58,2017-04-25 14:44:32
15932072,2017-04-26 12:26:30,2017-04-26 13:06:46
15932072,2017-05-01 16:47:54,2017-05-01 19:12:47
15932137,2017-04-10 21:07:42,2017-04-10 21:55:24
15932163,2017-04-05 15:51:11,2017-04-05 16:34:03
15932163,2017-04-18 09:30:52,2017-04-18 11:27:43
15932163,2017-04-26 08:34:35,2017-04-26 21:34:08
15932215,2017-04-07 19:48:36,2017-04-07 21:11:53
15932449,2017-04-06 22:29:09,2017-04-06 22:49:08
15932501,2017-04-06 22:38:19,2017-04-06 22:39:49
15932501,2017-04-19 15:32:56,2017-04-19 16:47:04
16940209,2017-04-04 22:01:50,2017-04-04 22:33:59
16940209,2017-04-05 22:16:09,2017-04-05 22:43:53
16940209,2017-04-06 20:19:16,2017-04-06 20:34:42
16940209,2017-04-09 13:28:55,2017-04-09 14:47:52
16940209,2017-04-11 12:36:51,2017-04-11 17:18:33
16940209,2017-04-12 20:24:00,2017-04-12 22:41:40
16940209,2017-04-16 11:24:08,2017-04-16 22:13:58
16940209,2017-04-18 09:30:11,2017-04-18 10:29:36
16940209,2017-04-20 20:40:27,2017-04-21 00:00:39
16940209,2017-04-21 00:00:44,2017-04-21 08:17:40
16940209,2017-04-25 20:09:03,2017-04-26 00:00:47
16940209,2017-04-26 00:00:45,2017-04-26 08:20:26
16940209,2017-04-27 20:37:28,2017-04-27 22:16:19
17042168,2017-04-06 22:00:25,2017-04-06 22:09:20
17042168,2017-04-09 09:29:13,2017-04-09 10:02:48
17042168,2017-04-10 22:09:51,2017-04-10 22:12:40
17042168,2017-04-11 20:53:25,2017-04-11 20:58:49
17042168,2017-04-12 07:39:49,2017-04-12 15:55:43
17275193,2017-04-19 10:38:44,2017-04-19 13:29:11
17481178,2017-04-01 21:09:24,2017-04-01 22:12:06
17481178,2017-04-03 15:31:29,2017-04-03 18:17:17
17481178,2017-04-04 10:24:27,2017-04-04 22:26:46
17481373,2017-03-31 23:57:45,2017-03-31 23:59:49
17481373,2017-04-01 10:00:48,2017-04-01 18:58:26
17490057,2017-04-05 21:38:02,2017-04-05 23:47:13
17490057,2017-04-11 15:14:03,2017-04-11 20:32:59
17559204,2017-04-12 20:19:52,2017-04-12 21:08:50
17559243,2017-04-27 00:09:13,2017-04-27 03:00:37
17559542,2017-04-02 18:24:18,2017-04-02 18:28:29
17559542,2017-04-29 11:51:06,2017-04-29 23:00:01
17559542,2017-04-30 17:51:37,2017-04-30 20:54:37
17559685,2017-04-05 17:36:57,2017-04-05 18:12:33
17560257,2017-04-22 08:52:51,2017-04-22 11:18:36
17560335,2017-04-17 08:50:32,2017-04-17 08:55:51
17560335,2017-05-01 10:16:36,2017-05-01 22:47:15
17560465,2017-04-11 19:04:23,2017-04-11 22:04:30
17560465,2017-04-12 19:31:08,2017-04-12 22:16:06
17560465,2017-04-13 19:31:41,2017-04-13 21:59:57
17560465,2017-04-16 18:00:57,2017-04-16 21:34:59
17561427,2017-04-05 20:49:39,2017-04-05 23:31:54
17561427,2017-04-06 21:41:22,2017-04-06 23:19:41
17561427,2017-04-10 20:12:17,2017-04-10 23:59:10
17561427,2017-04-11 00:00:09,2017-04-11 00:10:53
17562857,2017-04-21 16:32:27,2017-04-21 18:46:51
17562857,2017-04-27 09:03:53,2017-04-28 00:00:28
17562857,2017-04-28 10:01:27,2017-04-28 18:25:19
17562922,2017-04-24 07:54:45,2017-04-24 08:09:15
17562922,2017-04-28 18:17:50,2017-04-28 21:07:41
17562922,2017-04-29 14:31:13,2017-04-29 23:33:30
17562922,2017-04-30 01:33:00,2017-04-30 11:24:19
17565093,2017-04-02 14:58:22,2017-04-02 16:59:09
17565093,2017-04-08 18:35:53,2017-04-08 18:54:59
17565093,2017-04-29 14:32:26,2017-04-29 20:31:52
17565665,2017-04-11 01:02:49,2017-04-11 02:37:20
17565665,2017-04-12 22:48:02,2017-04-12 23:32:40
17565665,2017-04-20 21:09:19,2017-04-20 22:06:31
17565665,2017-04-21 12:36:55,2017-04-21 13:30:23
17565665,2017-04-22 15:00:25,2017-04-22 16:20:54
17565665,2017-04-23 13:23:30,2017-04-23 14:46:47
17566796,2017-04-30 23:12:30,2017-04-30 23:16:56
17566796,2017-05-01 22:44:04,2017-05-01 23:27:40
17570982,2017-04-03 10:32:41,2017-04-03 22:41:19
17571853,2017-04-01 10:14:04,2017-04-01 22:50:54
17571853,2017-04-04 11:17:55,2017-04-04 16:03:17
17577027,2017-04-04 16:24:16,2017-04-04 19:40:37
17577027,2017-04-05 20:03:51,2017-04-05 20:26:19
17577027,2017-04-06 20:05:16,2017-04-06 20:44:14
17577027,2017-04-12 19:55:17,2017-04-12 20:55:05
17577027,2017-04-13 20:21:55,2017-04-13 20:58:33
17577027,2017-04-17 20:31:37,2017-04-17 21:28:00
17577027,2017-04-19 19:34:18,2017-04-19 20:10:08
17577027,2017-04-20 20:19:51,2017-04-20 20:40:09
17577027,2017-04-21 20:59:11,2017-04-21 21:43:51
17577027,2017-04-23 14:47:51,2017-04-23 14:53:54
17577027,2017-04-24 20:55:16,2017-04-24 21:44:38
17577027,2017-04-25 19:21:39,2017-04-25 20:15:31
17577027,2017-04-26 19:09:50,2017-04-26 20:07:32
17577027,2017-04-27 19:33:41,2017-04-27 20:18:34
17577027,2017-04-30 16:56:11,2017-04-30 17:33:18
17595201,2017-04-30 09:52:35,2017-05-01 00:00:36
17595201,2017-05-01 10:01:35,2017-05-01 20:01:19
17639401,2017-04-17 12:15:26,2017-04-17 18:42:42
17639401,2017-04-18 09:44:00,2017-04-19 00:00:17
17639401,2017-04-19 10:01:20,2017-04-19 22:31:30
17639401,2017-04-20 09:41:50,2017-04-20 18:14:42
17639401,2017-04-21 09:30:50,2017-04-21 23:20:48
17639401,2017-04-22 09:15:24,2017-04-22 19:26:27
17639401,2017-04-23 16:22:51,2017-04-23 23:59:09
17639401,2017-04-24 10:00:08,2017-04-24 23:59:02
17639401,2017-04-25 10:00:01,2017-04-25 17:58:29
17639401,2017-04-26 09:31:09,2017-04-26 17:44:00
17639401,2017-04-27 09:44:36,2017-04-27 13:35:22
17639401,2017-04-28 22:07:59,2017-04-28 22:23:20
17639401,2017-04-29 12:44:05,2017-04-29 17:33:14
17639401,2017-04-30 17:29:07,2017-04-30 18:31:06
17639401,2017-05-01 16:19:39,2017-05-01 16:19:39
17682951,2017-04-01 21:21:56,2017-04-01 23:58:58
17682951,2017-04-02 10:00:01,2017-04-02 22:20:19
17682951,2017-04-04 10:12:19,2017-04-04 23:34:43
17682951,2017-04-05 00:12:45,2017-04-05 08:11:44
17682951,2017-04-06 01:13:02,2017-04-06 01:37:08
17682951,2017-04-08 01:19:53,2017-04-08 13:13:05
17682951,2017-04-09 10:44:44,2017-04-09 23:55:46
17682951,2017-04-10 10:08:12,2017-04-11 00:00:38
17682951,2017-04-11 10:01:37,2017-04-12 00:00:59
17682951,2017-04-12 10:01:58,2017-04-13 00:03:23
17682951,2017-04-13 10:03:10,2017-04-14 00:00:58
17682951,2017-04-14 00:02:00,2017-04-14 00:20:38
17682951,2017-04-16 00:20:36,2017-04-16 00:29:54
17682951,2017-04-17 21:14:20,2017-04-17 23:59:21
17682951,2017-04-18 10:00:21,2017-04-18 23:59:35
17682951,2017-04-19 00:01:07,2017-04-19 01:15:22
17682951,2017-04-20 23:30:03,2017-04-21 00:04:31
17682951,2017-04-21 10:00:54,2017-04-21 23:59:59
17682951,2017-04-22 00:00:53,2017-04-22 04:08:22
17682951,2017-04-23 19:26:46,2017-04-24 00:01:26
17682951,2017-04-24 10:02:29,2017-04-24 23:56:15
17682951,2017-04-25 10:08:27,2017-04-25 23:46:15
17682951,2017-04-26 10:11:58,2017-04-27 00:01:31
17682951,2017-04-27 10:02:34,2017-04-27 23:42:35
17682951,2017-04-28 20:53:18,2017-04-28 21:54:04
17711785,2017-04-23 21:43:01,2017-04-23 23:25:40
17943055,2017-04-20 20:17:47,2017-04-20 23:31:55
17943055,2017-04-22 13:24:48,2017-04-22 23:59:26
17943055,2017-04-23 10:00:29,2017-04-23 22:52:49
17943055,2017-04-24 07:08:35,2017-04-24 15:25:40
18066945,2017-04-06 16:07:54,2017-04-06 16:57:09
18066945,2017-04-07 11:26:26,2017-04-07 20:29:39
18066945,2017-04-10 10:18:29,2017-04-10 21:40:57
18097313,2017-04-02 10:11:45,2017-04-02 23:59:29
18097313,2017-04-03 10:00:32,2017-04-03 23:46:35
18097313,2017-04-04 10:25:06,2017-04-04 23:59:29
18097313,2017-04-05 00:00:32,2017-04-05 00:14:42
18097313,2017-04-06 19:56:46,2017-04-06 23:40:22
18097313,2017-04-07 19:55:58,2017-04-07 23:59:23
18097313,2017-04-08 10:00:23,2017-04-08 23:58:24
18097313,2017-04-09 10:03:39,2017-04-09 21:49:56
18097313,2017-04-10 14:39:16,2017-04-11 00:00:26
18097313,2017-04-11 00:01:25,2017-04-11 13:12:14
18097313,2017-04-30 00:03:45,2017-04-30 09:58:09
18181202,2017-04-05 17:09:27,2017-04-05 17:34:25
18181202,2017-04-06 09:16:51,2017-04-06 12:15:23
19863337,2017-04-01 19:21:40,2017-04-01 19:45:06
19863337,2017-04-06 18:05:33,2017-04-06 23:59:39
19863337,2017-04-07 10:00:20,2017-04-07 23:36:14
19863337,2017-04-08 10:02:27,2017-04-09 00:00:29
19863337,2017-04-09 00:01:28,2017-04-09 16:36:26
19863415,2017-04-01 00:02:07,2017-04-01 12:20:21
19863415,2017-04-08 11:11:39,2017-04-09 00:00:21
19863415,2017-04-09 00:01:22,2017-04-09 15:48:45
19863493,2017-04-15 17:39:03,2017-04-15 23:01:43
19863493,2017-04-16 10:00:25,2017-04-16 19:06:56
19864299,2017-04-07 00:05:27,2017-04-07 05:50:04
19865378,2017-04-24 10:22:02,2017-04-24 17:51:37
19865378,2017-04-25 10:29:35,2017-04-25 23:59:25
19865378,2017-04-26 00:00:28,2017-04-26 00:43:30
19865378,2017-04-27 01:42:33,2017-04-27 14:11:37
19865378,2017-04-28 12:40:08,2017-04-28 12:47:09
19865378,2017-04-30 00:33:12,2017-04-30 15:25:20
19867978,2017-04-08 12:36:04,2017-04-08 14:44:07
19867978,2017-04-09 17:01:04,2017-04-09 20:10:56
19867978,2017-04-10 01:01:04,2017-04-10 10:47:29
19867978,2017-04-13 17:54:29,2017-04-13 17:54:29
19867978,2017-05-01 23:54:14,2017-05-01 23:54:14
19873477,2017-04-08 10:14:23,2017-04-08 11:57:00
19873477,2017-04-22 00:27:35,2017-04-22 11:36:39
19919068,2017-04-08 10:05:58,2017-04-08 11:25:41
19919068,2017-04-22 10:10:37,2017-04-22 11:28:08
19919185,2017-04-08 09:23:00,2017-04-08 22:07:03
19919185,2017-04-10 18:20:13,2017-04-10 23:56:05
19919185,2017-04-11 13:16:08,2017-04-11 23:59:47
19919185,2017-04-12 00:00:50,2017-04-12 00:17:25
19919341,2017-04-09 13:03:05,2017-04-09 21:24:11
19919341,2017-04-22 09:33:16,2017-04-22 10:43:03
19919341,2017-04-23 09:30:35,2017-04-23 09:41:15
19919406,2017-04-19 15:29:30,2017-04-19 15:36:39
19919406,2017-04-20 15:44:55,2017-04-20 23:46:34
19919406,2017-04-22 08:31:39,2017-04-22 17:15:47
19919406,2017-04-25 22:41:56,2017-04-25 23:26:28
19920758,2017-04-10 15:12:28,2017-04-10 17:37:55
19920758,2017-04-15 15:56:32,2017-04-16 00:00:51
19920758,2017-04-16 10:01:53,2017-04-16 23:59:06
19920758,2017-04-17 00:00:08,2017-04-17 12:55:40
19921850,2017-04-03 17:46:58,2017-04-03 17:47:21
19921850,2017-04-08 10:05:04,2017-04-08 12:08:54
19921850,2017-04-22 10:36:33,2017-04-22 11:13:22
19922110,2017-04-07 18:13:28,2017-04-07 19:39:04
19922110,2017-04-22 10:39:32,2017-04-22 22:08:30
19923527,2017-04-08 10:15:47,2017-04-09 00:13:52
19923527,2017-04-09 00:13:51,2017-04-09 14:17:47
19923527,2017-04-22 10:40:10,2017-04-22 10:42:29
19923618,2017-04-04 15:41:05,2017-04-04 16:10:09
19923618,2017-04-22 10:28:19,2017-04-22 12:07:33
19923813,2017-04-15 00:21:50,2017-04-15 13:38:58
19923813,2017-04-16 11:07:18,2017-04-16 13:19:33
19924437,2017-03-31 23:58:28,2017-03-31 23:59:29
19924437,2017-04-01 00:00:32,2017-04-01 00:41:10
19924437,2017-04-07 16:05:41,2017-04-07 23:36:14
19924437,2017-04-08 10:19:07,2017-04-08 11:22:24
19924437,2017-04-12 20:40:32,2017-04-12 22:01:18
19924437,2017-04-13 18:38:09,2017-04-13 21:20:44
19924437,2017-04-20 18:20:00,2017-04-20 18:43:17
19925009,2017-04-01 10:39:25,2017-04-01 10:41:33
19925009,2017-04-08 09:37:24,2017-04-08 18:33:50
19925009,2017-04-14 22:02:44,2017-04-14 23:59:31
19925009,2017-04-15 16:56:15,2017-04-15 18:30:34
19925009,2017-04-21 11:48:55,2017-04-21 11:49:26
19925009,2017-04-29 11:36:19,2017-04-29 14:18:20
19926218,2017-04-16 15:05:09,2017-04-16 23:58:39
19926218,2017-04-17 10:00:13,2017-04-17 19:49:23
19926218,2017-04-19 10:25:00,2017-04-19 18:26:04
19926218,2017-04-21 09:14:28,2017-04-21 09:33:14
19926478,2017-04-08 11:13:36,2017-04-08 11:47:30
19926478,2017-04-10 20:15:00,2017-04-10 20:34:07
19926478,2017-04-12 09:34:52,2017-04-12 15:18:31
19926478,2017-04-14 10:18:43,2017-04-14 21:15:54
19926478,2017-04-15 09:07:29,2017-04-15 16:16:53
19926478,2017-04-16 08:22:38,2017-04-16 11:32:23
19927102,2017-04-23 11:38:18,2017-04-23 23:52:23
19927102,2017-04-24 12:38:30,2017-04-24 17:32:16
19927102,2017-04-25 15:54:08,2017-04-25 18:00:39
19928194,2017-04-08 15:44:55,2017-04-08 17:12:44
19928194,2017-04-17 12:58:18,2017-04-17 14:29:50
19928194,2017-04-21 22:59:47,2017-04-21 23:48:11
19928194,2017-04-22 10:17:07,2017-04-22 10:52:37
19928194,2017-04-23 10:03:24,2017-04-23 11:45:34
19928194,2017-04-26 15:31:36,2017-04-26 15:31:36
19928194,2017-04-30 12:14:05,2017-04-30 18:45:14
19928194,2017-05-01 14:06:32,2017-05-01 18:25:36
19928831,2017-04-04 23:01:19,2017-04-05 00:02:33
19928831,2017-04-05 10:03:35,2017-04-05 17:04:33
19929013,2017-04-08 09:34:52,2017-04-08 11:24:20
19929013,2017-04-22 09:31:15,2017-04-22 17:31:29
19929013,2017-04-23 13:47:17,2017-04-23 17:26:30
19929013,2017-04-24 07:57:31,2017-04-24 23:03:26
19931509,2017-04-07 18:04:11,2017-04-07 21:50:23
19931509,2017-04-08 15:13:18,2017-04-08 17:27:47
19932523,2017-04-08 14:05:31,2017-04-08 20:34:42
19932523,2017-04-09 15:11:55,2017-04-09 22:35:20
19932523,2017-04-10 17:51:50,2017-04-10 21:59:20
19933823,2017-04-20 21:32:43,2017-04-20 22:05:09
19933823,2017-04-21 12:18:42,2017-04-21 17:14:43
19933823,2017-04-22 16:40:22,2017-04-22 16:55:41
19938997,2017-04-06 22:11:22,2017-04-07 00:00:27
19938997,2017-04-07 00:01:26,2017-04-07 02:03:14
19938997,2017-04-20 21:32:24,2017-04-20 23:13:35
19938997,2017-04-21 19:52:56,2017-04-21 20:44:32
19938997,2017-04-22 00:43:42,2017-04-22 16:35:16
19938997,2017-04-27 12:46:37,2017-04-27 12:47:04
19939764,2017-04-10 22:12:38,2017-04-10 23:33:57
19939764,2017-04-15 22:07:17,2017-04-15 23:29:59
19939764,2017-04-17 15:00:02,2017-04-17 17:12:12
19939764,2017-04-18 15:36:38,2017-04-18 17:24:36
19939764,2017-04-22 13:50:21,2017-04-22 15:22:26
19939764,2017-04-25 18:57:54,2017-04-25 19:42:46
19939764,2017-04-27 19:35:41,2017-04-27 20:01:49
19939816,2017-04-13 17:35:02,2017-04-13 20:30:06
19939816,2017-04-21 22:19:31,2017-04-21 22:49:39
19939816,2017-04-22 10:44:19,2017-04-22 22:52:29
19939946,2017-04-25 21:31:53,2017-04-25 22:08:19
19939946,2017-04-26 13:22:34,2017-04-26 15:34:47
19939998,2017-04-22 13:15:18,2017-04-22 13:29:38
19940050,2017-04-15 09:15:37,2017-04-15 10:22:26
19940193,2017-04-06 15:49:48,2017-04-06 16:22:59
19940193,2017-04-08 07:36:09,2017-04-08 16:07:03
19940193,2017-04-12 23:56:34,2017-04-12 23:59:37
19940193,2017-04-13 23:17:03,2017-04-14 00:04:24
19940193,2017-04-18 12:20:25,2017-04-18 23:46:57
19940193,2017-04-19 23:54:47,2017-04-20 00:06:56
19940193,2017-04-20 10:06:29,2017-04-21 00:01:28
19940193,2017-04-21 00:00:08,2017-04-21 00:01:29
19940193,2017-04-24 23:52:42,2017-04-25 00:00:59
19940193,2017-04-25 10:01:11,2017-04-25 23:44:08
19940193,2017-04-26 00:09:53,2017-04-26 00:23:28
19940193,2017-04-27 10:02:28,2017-04-27 23:34:37
19940193,2017-04-28 08:07:06,2017-04-28 08:09:19
19940193,2017-05-01 23:14:19,2017-05-01 23:42:21
19940986,2017-04-23 17:43:50,2017-04-23 19:05:36
19941246,2017-04-09 16:23:54,2017-04-09 17:47:42
19941246,2017-04-11 22:06:34,2017-04-11 22:57:32
19941246,2017-04-15 23:06:57,2017-04-16 00:03:53
19941246,2017-04-16 10:04:52,2017-04-16 23:04:10
19941246,2017-04-17 13:55:03,2017-04-17 15:25:31
19941246,2017-04-21 17:32:27,2017-04-21 17:58:09
19943339,2017-04-07 13:32:37,2017-04-07 16:38:59
19943339,2017-04-08 17:07:21,2017-04-08 17:17:20
19943339,2017-04-09 12:22:23,2017-04-09 13:55:31
19944834,2017-04-30 11:08:19,2017-04-30 14:55:23
19945575,2017-04-21 10:40:40,2017-04-21 10:44:01
19945575,2017-04-22 10:12:01,2017-04-22 10:39:52
19945796,2017-04-06 19:21:25,2017-04-06 20:11:17
19945796,2017-04-14 19:45:16,2017-04-15 00:01:24
19945796,2017-04-15 10:03:29,2017-04-15 19:07:56
19945796,2017-04-16 11:55:33,2017-04-16 23:31:03
19945796,2017-04-17 08:04:13,2017-04-17 13:14:40
19945796,2017-04-18 10:05:30,2017-04-18 12:25:53
19945978,2017-04-10 14:31:52,2017-04-10 15:38:07
19945978,2017-04-17 13:07:05,2017-04-17 13:33:53
19945978,2017-04-21 20:03:33,2017-04-21 20:22:14
19946225,2017-04-22 21:56:54,2017-04-22 23:11:14
19946225,2017-04-23 21:15:35,2017-04-23 23:07:42
19947798,2017-04-16 15:12:33,2017-04-16 19:28:59
19947798,2017-04-25 22:32:09,2017-04-25 22:45:24
19949592,2017-04-08 11:12:56,2017-04-08 17:51:06
19949592,2017-04-09 18:20:56,2017-04-09 20:10:59
19949592,2017-04-17 17:09:29,2017-04-17 18:30:15
19949592,2017-04-22 10:40:54,2017-04-22 22:46:09
19949761,2017-04-16 11:39:25,2017-04-16 14:46:25
19949761,2017-04-19 17:50:23,2017-04-20 00:02:36
19949761,2017-04-20 00:03:35,2017-04-20 14:35:06
19950021,2017-04-22 10:26:27,2017-04-22 12:02:46
19950060,2017-04-08 10:37:05,2017-04-08 11:10:04
19950060,2017-04-16 00:21:45,2017-04-16 15:15:22
19953089,2017-04-19 10:25:07,2017-04-19 11:10:31
19953089,2017-04-21 10:37:12,2017-04-21 10:53:22
19953089,2017-04-26 08:18:34,2017-04-26 08:36:01
19954662,2017-04-08 13:02:01,2017-04-08 14:05:19
19955403,2017-04-22 09:31:40,2017-04-22 12:58:22
19962696,2017-04-08 10:19:52,2017-04-08 10:19:52
19962696,2017-04-21 18:18:20,2017-04-21 22:41:26
19965491,2017-04-10 19:59:54,2017-04-10 20:30:49
19965491,2017-04-22 09:15:35,2017-04-22 12:16:44
19973239,2017-04-29 11:00:08,2017-04-29 11:43:55
19979115,2017-04-08 10:24:51,2017-04-08 10:27:57
19979115,2017-04-22 23:14:07,2017-04-22 23:59:59
19979115,2017-04-23 10:00:48,2017-04-23 21:08:56
19979115,2017-04-24 12:40:06,2017-04-24 17:28:02
19979115,2017-04-29 09:21:49,2017-04-29 18:43:11
19984146,2017-04-19 09:43:55,2017-04-19 17:42:35
19984172,2017-04-02 17:12:09,2017-04-02 19:43:09
19984172,2017-04-03 18:11:42,2017-04-04 00:02:40
19984172,2017-04-04 10:03:41,2017-04-04 22:06:41
19984172,2017-04-05 14:56:37,2017-04-05 16:24:34
19986733,2017-04-17 14:33:19,2017-04-17 16:36:43
19986733,2017-04-21 11:15:49,2017-04-21 11:37:00
19986733,2017-04-30 21:55:52,2017-04-30 21:55:59
19990633,2017-04-08 10:15:59,2017-04-08 10:17:02
19990633,2017-04-16 23:25:15,2017-04-17 00:00:54
19990633,2017-04-17 00:01:54,2017-04-17 00:55:09
19991725,2017-04-07 10:05:22,2017-04-07 23:22:06
19994884,2017-04-22 10:08:52,2017-04-22 23:01:39
19994884,2017-04-23 09:22:44,2017-04-23 23:01:57
19994884,2017-04-24 12:41:34,2017-04-24 22:47:32
19994884,2017-04-25 08:14:57,2017-04-25 22:57:58
19994884,2017-04-26 08:07:12,2017-04-26 23:02:21
19994884,2017-04-27 08:58:23,2017-04-27 23:00:06
19994884,2017-04-28 07:36:24,2017-04-28 23:26:35
19994884,2017-04-29 06:57:41,2017-04-29 07:39:20
20023393,2017-04-08 10:28:26,2017-04-08 10:30:48
20023393,2017-04-09 19:06:38,2017-04-09 20:17:23
20023393,2017-04-10 10:08:23,2017-04-10 17:46:07
20023393,2017-04-17 13:08:29,2017-04-17 17:16:34
20023393,2017-04-25 11:12:37,2017-04-25 11:26:28
20025044,2017-04-08 10:16:55,2017-04-08 14:41:29
20025044,2017-04-10 19:58:20,2017-04-10 21:56:49
20025044,2017-04-12 13:18:50,2017-04-12 15:16:06
20025044,2017-04-13 13:18:13,2017-04-13 14:48:27
20028138,2017-04-09 17:50:37,2017-04-09 20:14:11
20028138,2017-04-10 17:45:10,2017-04-10 21:02:07
20028138,2017-04-11 22:46:26,2017-04-12 00:04:58
20028138,2017-04-12 00:03:41,2017-04-12 13:01:22
20028138,2017-04-13 12:29:21,2017-04-13 12:46:44
20028138,2017-04-16 15:47:17,2017-04-16 16:41:59
20028138,2017-04-18 21:13:56,2017-04-18 23:23:45
20028138,2017-04-22 09:33:15,2017-04-22 09:52:59
20028138,2017-04-23 09:31:59,2017-04-23 09:41:00
20028138,2017-04-24 17:16:43,2017-04-24 18:07:24
20028138,2017-04-25 13:14:42,2017-04-25 20:38:02
20028138,2017-04-26 12:27:42,2017-04-26 13:07:46
20069634,2017-04-16 14:30:13,2017-04-16 23:58:36
20069634,2017-04-17 01:02:53,2017-04-17 01:56:05
20072039,2017-04-07 22:45:59,2017-04-08 00:01:15
20072039,2017-04-08 10:02:18,2017-04-08 23:59:05
20072039,2017-04-09 00:00:08,2017-04-09 15:23:41
20072039,2017-04-22 10:55:28,2017-04-22 11:16:28
20356908,2017-04-08 11:20:26,2017-04-08 15:13:00
20356908,2017-04-09 17:02:18,2017-04-09 22:12:58
20356908,2017-04-12 16:31:31,2017-04-12 17:21:29
20356908,2017-04-20 20:03:03,2017-04-20 21:22:56
20356908,2017-04-22 11:17:25,2017-04-22 11:41:29
20356908,2017-04-24 21:37:26,2017-04-24 21:51:54
20388108,2017-04-22 11:33:04,2017-04-22 11:33:49
21749910,2017-04-20 12:16:29,2017-04-20 21:35:07
21749910,2017-04-21 08:48:57,2017-04-21 19:32:47
21749910,2017-04-22 01:20:25,2017-04-22 01:47:36
21753368,2017-04-07 17:04:11,2017-04-07 17:04:18
21753368,2017-05-01 16:54:07,2017-05-01 17:23:39
21822749,2017-04-09 21:03:49,2017-04-09 23:14:38
21822749,2017-04-25 21:07:48,2017-04-25 22:13:29
21822749,2017-04-29 20:32:52,2017-04-29 22:43:58
24644022,2017-04-27 15:00:19,2017-04-27 22:31:03
25300028,2017-04-27 10:55:58,2017-04-27 13:07:59
25978329,2017-04-19 20:42:42,2017-04-19 23:59:29
25978329,2017-04-20 10:00:32,2017-04-20 17:37:31
25978329,2017-04-21 08:35:22,2017-04-21 08:35:22
26015834,2017-04-03 16:17:47,2017-04-03 22:58:49
26015834,2017-04-04 20:43:40,2017-04-04 20:49:42
26015834,2017-04-05 17:12:04,2017-04-06 07:37:04
26015834,2017-04-12 19:05:25,2017-04-12 22:16:24
26015834,2017-04-13 17:54:18,2017-04-13 17:56:19
26015834,2017-04-14 17:25:43,2017-04-14 19:19:43
26015834,2017-04-16 06:57:05,2017-04-16 10:23:07
26081211,2017-04-26 12:53:58,2017-04-26 13:19:08
26081211,2017-04-28 13:00:56,2017-04-28 13:24:23
26082173,2017-04-23 12:45:41,2017-04-23 12:45:43
26082173,2017-05-01 07:52:16,2017-05-01 14:33:38
26082498,2017-04-22 07:36:57,2017-04-22 07:46:35
26082498,2017-04-30 10:25:10,2017-05-01 02:00:30
26083551,2017-04-27 13:58:06,2017-04-27 22:41:57
26083551,2017-04-28 10:59:04,2017-04-28 23:59:37
26083551,2017-04-29 00:00:36,2017-04-29 00:30:45
26085488,2017-04-09 07:19:45,2017-04-09 07:36:31
26085488,2017-04-15 10:04:28,2017-04-15 10:11:31
26085488,2017-04-16 11:57:52,2017-04-16 23:59:24
26085488,2017-04-17 08:24:00,2017-04-17 13:40:14
26085488,2017-04-18 02:22:11,2017-04-18 14:56:32
26085488,2017-04-19 08:10:44,2017-04-19 13:17:15
26085488,2017-04-20 05:12:41,2017-04-20 05:14:28
26085488,2017-04-21 01:04:17,2017-04-21 12:56:13
26085488,2017-04-22 01:03:53,2017-04-22 08:08:04
26085488,2017-04-26 14:28:07,2017-04-26 23:32:16
26085488,2017-04-28 08:24:43,2017-04-28 21:00:12
26085488,2017-04-29 22:44:52,2017-04-30 00:00:41
26085488,2017-04-30 10:00:43,2017-05-01 00:00:14
26085488,2017-05-01 10:00:16,2017-05-01 22:58:57
26094809,2017-04-09 10:31:05,2017-04-09 10:51:46
26094809,2017-04-25 23:53:07,2017-04-26 00:37:11
26094809,2017-04-26 07:30:26,2017-04-26 23:12:02
26094809,2017-04-27 23:57:11,2017-04-28 00:01:11
26094809,2017-04-28 10:00:34,2017-04-29 01:29:07
26144677,2017-04-02 08:52:00,2017-04-02 10:35:49
26144677,2017-04-05 16:47:18,2017-04-05 17:44:36
26144677,2017-04-06 10:39:46,2017-04-06 15:29:25
26144677,2017-04-10 15:47:05,2017-04-10 17:16:30
26144677,2017-04-11 11:52:46,2017-04-11 13:16:50
26144677,2017-04-12 10:26:01,2017-04-12 14:42:14
26144677,2017-04-14 15:47:45,2017-04-14 17:36:48
26144677,2017-04-17 10:14:20,2017-04-17 11:03:54
26144677,2017-04-18 10:12:50,2017-04-18 17:35:31
26144677,2017-04-19 16:03:59,2017-04-19 17:15:33
26144677,2017-04-20 10:14:42,2017-04-20 11:24:12
26144677,2017-04-21 14:44:50,2017-04-21 17:28:11
26144677,2017-04-23 21:42:20,2017-04-23 22:13:22
26144677,2017-04-24 17:15:22,2017-04-24 19:13:04
26144677,2017-04-25 09:59:32,2017-04-25 18:58:00
26144677,2017-04-26 17:03:54,2017-04-26 17:40:20
26144677,2017-04-30 10:37:57,2017-04-30 10:38:17
26199303,2017-04-05 15:37:28,2017-04-05 16:42:03
26411112,2017-04-15 11:18:59,2017-04-15 11:33:34
26411112,2017-04-18 21:20:26,2017-04-18 21:56:39
26411112,2017-04-19 13:30:59,2017-04-19 13:34:37
26411112,2017-04-20 13:19:27,2017-04-20 13:56:51
26421044,2017-04-04 23:19:23,2017-04-05 00:09:43
26421044,2017-04-05 00:09:42,2017-04-05 00:19:19
26421044,2017-04-15 09:09:33,2017-04-15 12:25:23
26421044,2017-04-22 09:13:02,2017-04-22 12:33:26
26421044,2017-04-24 09:34:50,2017-04-24 10:56:05
26421694,2017-04-05 16:43:00,2017-04-05 17:25:46
26421694,2017-04-19 08:57:23,2017-04-19 17:30:31
26464347,2017-04-06 21:23:27,2017-04-06 22:27:22
26464347,2017-04-07 15:53:42,2017-04-07 22:58:25
26464347,2017-04-08 20:29:20,2017-04-08 23:24:17
26464347,2017-04-09 13:28:25,2017-04-09 15:08:27
26464347,2017-04-15 17:54:42,2017-04-15 18:10:37
26472134,2017-04-15 14:24:00,2017-04-15 15:05:09
26472134,2017-04-20 13:52:26,2017-04-20 15:22:51
26577759,2017-04-06 22:31:24,2017-04-06 23:49:23
26577759,2017-04-08 00:25:56,2017-04-08 00:51:27
26577759,2017-04-11 09:32:40,2017-04-11 10:58:43
26585455,2017-04-06 21:57:00,2017-04-06 22:54:40
26585455,2017-04-07 13:34:26,2017-04-07 22:25:54
26585455,2017-04-08 21:58:52,2017-04-08 23:24:40
26585455,2017-04-09 09:45:28,2017-04-09 10:39:13
26586625,2017-04-02 13:39:52,2017-04-02 21:18:51
26586625,2017-04-03 13:17:51,2017-04-03 13:59:31
26892242,2017-04-18 18:09:52,2017-04-18 19:04:12
