user_id,created_at
3800394,2014-11-07 11:57:26
3548714,2014-11-26 05:25:29
1624766,2014-11-27 08:11:02
5704062,2014-11-27 10:06:03
11481405,2014-11-28 07:36:07
11484876,2014-11-28 10:47:50
11413766,2014-11-28 13:57:54
11488035,2014-11-28 15:42:31
7244198,2014-11-28 16:02:55
8088093,2014-11-30 01:33:59
11310390,2014-11-30 05:22:03
10633636,2014-11-30 05:34:47
11501334,2014-11-30 07:12:32
11516947,2014-12-01 10:24:19
3811860,2014-12-02 08:29:02
11194118,2014-12-02 10:37:23
6165640,2014-12-02 12:20:24
11552177,2014-12-03 07:55:29
11480469,2014-12-03 11:52:15
10948600,2014-12-03 14:32:53
11326939,2014-12-04 06:40:30
11171173,2014-12-04 10:12:59
11580790,2014-12-04 10:28:21
8405319,2014-12-04 22:20:18
11591489,2014-12-05 03:00:55
11621350,2014-12-06 14:49:35
11623872,2014-12-07 02:11:03
986596,2014-12-07 11:44:25
11637496,2014-12-07 13:31:55
11639823,2014-12-07 14:44:29
11654305,2014-12-08 10:03:54
11654383,2014-12-08 10:07:41
11666720,2014-12-09 05:15:18
11669138,2014-12-09 07:42:14
11672973,2014-12-09 11:01:34
11675989,2014-12-09 12:54:38
3564795,2014-12-10 05:22:31
2353,2014-12-10 06:33:36
8086195,2014-12-10 13:40:36
8036665,2014-12-11 06:34:31
11712142,2014-12-11 09:48:32
8751964,2014-12-11 12:30:53
11718668,2014-12-11 13:10:30
7960394,2014-12-12 04:39:34
11719305,2014-12-12 16:10:33
11742172,2014-12-13 07:06:46
11752819,2014-12-14 13:30:43
11758838,2014-12-14 15:34:14
11763856,2014-12-15 05:06:54
11763986,2014-12-15 05:16:23
11773021,2014-12-15 15:06:43
11778897,2014-12-16 06:12:47
7621718,2014-12-16 08:56:18
11729380,2014-12-16 09:30:59
11740105,2014-12-17 04:57:47
11803103,2014-12-18 02:54:45
11730212,2014-12-18 03:28:53
11805833,2014-12-18 05:38:53
9659936,2014-12-18 11:46:25
11729445,2014-12-18 13:52:47
5824455,2014-12-20 00:35:42
11834940,2014-12-20 14:04:05
11763349,2014-12-21 13:36:05
3923751,2014-12-22 03:09:54
8021585,2014-12-22 03:57:30
11849773,2014-12-22 04:53:05
3777111,2014-12-22 05:46:10
11853075,2014-12-22 07:39:44
11855805,2014-12-22 11:35:52
11862565,2014-12-23 04:38:49
11224109,2014-12-23 09:32:55
11867271,2014-12-23 09:32:56
24765,2014-12-24 04:00:34
10926461,2014-12-24 07:27:54
11888812,2014-12-25 02:35:06
11089,2014-12-25 08:56:40
11849305,2014-12-26 02:17:12
8156746,2014-12-27 08:32:33
4801550,2014-12-27 11:25:24
988,2014-12-29 06:28:49
4692792,2014-12-31 04:55:50
11947988,2014-12-31 11:12:17
11948599,2015-01-01 02:17:27
11950354,2015-01-02 03:35:02
11951459,2015-01-02 13:31:28
9116510,2015-01-03 08:08:38
4663997,2015-01-03 14:10:59
8909537,2015-01-04 09:46:10
4754750,2015-01-05 04:16:30
11961456,2015-01-05 07:29:46
6528561,2015-01-05 08:30:50
11962704,2015-01-05 13:11:59
8519147,2015-01-05 14:48:54
50804,2015-01-06 02:34:59
11819184,2015-01-06 14:49:05
6546878,2015-01-07 11:49:22
11971128,2015-01-08 08:02:34
25324,2015-01-08 21:52:08
4800146,2015-01-09 15:57:30
8069295,2015-01-09 22:43:00
11976913,2015-01-11 17:19:42
161044,2015-01-12 10:53:48
7813,2015-01-12 13:31:15
8680932,2015-01-12 14:33:40
11978811,2015-01-12 15:39:57
11978850,2015-01-12 15:55:45
11979045,2015-01-12 16:46:50
872092,2015-01-13 23:54:58
6296251,2015-01-23 11:04:47
11995893,2015-01-23 11:17:25
9414184,2015-01-24 11:19:15
11995997,2015-01-26 16:01:10
10374767,2015-02-05 00:27:20
12017395,2015-02-08 03:23:54
7364643,2015-03-12 02:11:59
2096614,2015-03-12 02:13:29
4606004,2015-03-12 02:13:54
2099747,2015-03-12 02:15:22
2116582,2015-03-12 02:15:39
7364682,2015-03-12 02:16:18
2101918,2015-03-12 02:20:05
2086864,2015-03-12 02:21:11
9056632,2015-03-12 02:21:23
1670773,2015-03-12 02:21:44
12056889,2015-03-12 02:22:52
7364500,2015-03-12 02:23:08
7362251,2015-03-12 02:25:37
2086006,2015-03-12 02:25:46
2096484,2015-03-12 02:26:09
7364773,2015-03-12 02:27:23
2204137,2015-03-12 02:30:42
7362836,2015-03-12 02:30:55
7364448,2015-03-12 02:32:05
2093962,2015-03-12 02:32:29
3425188,2015-03-12 02:32:30
7364656,2015-03-12 02:34:48
4587180,2015-03-12 02:35:19
7365605,2015-03-12 02:36:35
7362966,2015-03-12 02:39:00
4019028,2015-03-12 02:44:41
6298227,2015-03-12 02:45:43
1998113,2015-03-12 02:46:48
7364708,2015-03-12 02:51:02
2106117,2015-03-12 02:51:16
7362485,2015-03-12 02:55:10
969098,2015-03-12 03:02:00
2342782,2015-03-12 03:02:02
4661956,2015-03-12 03:05:05
4633707,2015-03-12 03:14:41
7363525,2015-03-12 03:15:33
2332109,2015-03-12 03:30:56
2129894,2015-03-12 04:03:34
596388,2015-03-12 04:04:37
12057669,2015-03-12 05:09:56
4587622,2015-03-12 05:12:24
986232,2015-03-12 05:41:41
2103608,2015-03-12 06:28:17
7364513,2015-03-12 06:48:28
7364747,2015-03-12 07:50:44
2086591,2015-03-12 07:55:50
7364981,2015-03-12 08:42:46
2088502,2015-03-12 09:18:14
4646746,2015-03-12 09:33:08
7362498,2015-03-12 10:18:18
7363135,2015-03-12 10:22:46
7362810,2015-03-12 10:32:43
2102880,2015-03-12 10:52:08
2101294,2015-03-12 11:36:30
12054679,2015-03-12 11:55:27
4631081,2015-03-12 14:04:29
1749254,2015-03-12 20:32:53
2240472,2015-03-13 02:20:34
7364890,2015-03-13 02:22:22
12062973,2015-03-13 02:51:32
2102139,2015-03-13 02:57:08
2101242,2015-03-13 03:55:53
2091271,2015-03-13 04:55:03
2176785,2015-03-13 05:11:16
2086266,2015-03-13 06:00:30
7364552,2015-03-13 06:08:17
2155647,2015-03-13 06:18:23
12057682,2015-03-13 06:59:19
2388386,2015-03-13 07:06:54
2102035,2015-03-13 07:11:59
1998295,2015-03-13 07:16:27
7365319,2015-03-13 07:18:57
2046265,2015-03-13 07:24:13
1998009,2015-03-13 07:28:39
12057461,2015-03-13 07:30:38
2092935,2015-03-13 07:34:30
7363486,2015-03-13 08:32:58
2096016,2015-03-13 09:01:24
2089100,2015-03-13 12:54:00
2087202,2015-03-13 13:19:46
2098694,2015-03-13 13:22:19
2093000,2015-03-13 13:32:06
2183519,2015-03-13 13:32:55
2091921,2015-03-13 14:45:09
2126618,2015-03-13 15:31:11
2088099,2015-03-14 02:01:30
7363642,2015-03-14 03:45:55
2093429,2015-03-14 07:43:52
2088255,2015-03-14 10:56:34
2359136,2015-03-14 18:18:18
2222961,2015-03-15 04:38:59
2341495,2015-03-15 12:52:43
5472467,2015-03-15 15:42:34
6482281,2015-03-16 03:22:41
7364526,2015-03-16 06:01:45
2088892,2015-03-16 06:46:18
2086877,2015-03-16 08:37:44
7362667,2015-03-16 09:33:08
7364409,2015-03-16 13:26:05
4621864,2015-03-16 14:23:48
2088528,2015-03-17 01:31:53
2094560,2015-03-17 01:35:56
7365423,2015-03-17 02:37:00
2088606,2015-03-17 07:26:57
7364617,2015-03-18 07:00:39
4451278,2015-03-18 07:14:14
7364487,2015-03-19 04:41:44
7209553,2015-03-22 08:07:07
5065996,2015-03-23 06:25:12
10918219,2015-03-24 10:27:15
7364032,2015-03-24 13:39:13
7963826,2015-03-24 15:41:08
7967401,2015-03-24 15:41:42
7959315,2015-03-24 16:37:08
8064797,2015-03-25 04:10:42
7965035,2015-03-25 05:18:11
7364864,2015-03-25 05:37:20
2094547,2015-03-25 09:32:28
2087995,2015-03-25 14:21:49
7965438,2015-03-25 15:07:20
7962266,2015-03-25 15:33:01
4646512,2015-03-26 01:59:52
7976475,2015-03-26 03:43:45
7968831,2015-03-26 04:27:37
12117235,2015-03-26 06:42:52
7985640,2015-03-26 07:06:15
7985510,2015-03-26 07:49:15
8036535,2015-03-26 12:15:00
8019492,2015-03-26 13:18:51
7306663,2015-03-26 13:20:44
7965412,2015-03-26 14:28:41
12120134,2015-03-27 03:12:24
2094183,2015-03-27 03:24:00
8085753,2015-03-27 03:34:22
8087079,2015-03-27 03:39:21
8086078,2015-03-27 03:40:18
8085246,2015-03-27 03:44:27
8085597,2015-03-27 03:47:38
12120225,2015-03-27 03:49:29
8086039,2015-03-27 03:52:11
8085805,2015-03-27 03:53:50
8087924,2015-03-27 03:54:17
8089315,2015-03-27 04:00:41
8092279,2015-03-27 04:00:53
8090979,2015-03-27 04:12:12
8089419,2015-03-27 04:25:02
8086143,2015-03-27 04:40:08
8090368,2015-03-27 04:49:42
12120498,2015-03-27 05:59:09
8084830,2015-03-27 07:42:15
8086624,2015-03-27 09:19:24
8090719,2015-03-27 09:20:27
2125448,2015-03-27 11:33:07
7957586,2015-03-27 13:03:37
7214545,2015-03-27 13:35:25
8086676,2015-03-27 14:33:06
8087560,2015-03-27 14:33:10
7964567,2015-03-27 14:38:04
8086962,2015-03-27 15:30:48
8085311,2015-03-28 00:21:13
8088210,2015-03-28 01:22:51
8056282,2015-03-28 01:38:39
8087469,2015-03-28 02:21:44
8468681,2015-03-28 02:57:02
8087040,2015-03-28 03:25:15
8087131,2015-03-28 03:57:40
8090043,2015-03-28 04:00:34
8087248,2015-03-28 04:01:37
8086819,2015-03-28 04:02:07
12122279,2015-03-28 04:02:23
8084284,2015-03-28 04:11:40
8088054,2015-03-28 04:33:05
8091291,2015-03-28 04:48:53
10918739,2015-03-28 05:00:53
12122409,2015-03-28 05:23:24
8086936,2015-03-28 05:41:22
8086767,2015-03-28 05:43:54
8087196,2015-03-28 05:44:56
8086403,2015-03-28 05:47:46
8085662,2015-03-28 05:48:10
8086884,2015-03-28 05:50:02
8099832,2015-03-28 05:59:19
8066422,2015-03-28 06:09:00
8086858,2015-03-28 06:10:23
8103043,2015-03-28 06:11:37
8087768,2015-03-28 07:03:57
8087573,2015-03-28 07:23:09
8117109,2015-03-28 07:23:25
8084336,2015-03-28 07:31:35
12122435,2015-03-28 09:45:25
10918102,2015-03-28 10:18:15
8082932,2015-03-28 10:37:13
8020662,2015-03-28 12:14:59
8044816,2015-03-28 12:18:14
10923614,2015-03-28 12:19:53
7973160,2015-03-28 13:11:10
8086286,2015-03-28 13:25:23
7968935,2015-03-28 13:28:40
2089178,2015-03-28 14:18:09
7956832,2015-03-29 01:39:14
7956598,2015-03-29 02:03:47
4725630,2015-03-29 02:12:05
7957326,2015-03-29 02:12:25
7984795,2015-03-29 02:12:39
8066877,2015-03-29 02:12:52
7968805,2015-03-29 02:13:49
4029233,2015-03-29 02:17:25
8046623,2015-03-29 02:18:29
7969819,2015-03-29 04:21:08
7968779,2015-03-29 04:24:11
7975942,2015-03-29 04:38:38
7969988,2015-03-29 04:40:35
2090725,2015-03-29 04:43:01
12123982,2015-03-29 04:59:49
7968857,2015-03-29 05:12:51
8073572,2015-03-29 05:37:02
8086689,2015-03-29 05:43:11
8086221,2015-03-29 05:44:32
5580783,2015-03-29 06:05:13
12086373,2015-03-29 06:23:09
8010600,2015-03-29 06:35:43
12124086,2015-03-29 06:59:01
12124073,2015-03-29 07:06:53
8003411,2015-03-29 07:29:42
7985978,2015-03-29 08:16:37
7679581,2015-03-29 08:19:28
7942519,2015-03-29 08:27:36
8015124,2015-03-29 08:53:54
7962305,2015-03-29 09:30:43
8087911,2015-03-29 09:55:34
7957807,2015-03-29 11:46:13
8003125,2015-03-29 11:52:56
8085701,2015-03-29 12:46:04
7226102,2015-03-29 13:00:23
8018803,2015-03-30 13:44:23
12127765,2015-03-30 13:47:20
12126361,2015-03-31 02:40:14
2228460,2015-03-31 03:16:52
7969182,2015-03-31 03:42:20
12056486,2015-03-31 03:45:37
32110,2015-03-31 03:47:31
12056226,2015-03-31 04:04:50
12056304,2015-03-31 04:08:06
12068966,2015-03-31 04:11:52
10203362,2015-03-31 04:21:28
12056057,2015-03-31 04:24:11
299325,2015-03-31 04:29:23
12056356,2015-03-31 04:35:35
12056213,2015-03-31 04:44:13
34632,2015-03-31 04:47:16
11978148,2015-03-31 04:48:36
12057058,2015-03-31 04:52:24
12057019,2015-03-31 04:55:44
12057201,2015-03-31 04:55:55
11978096,2015-03-31 05:00:10
12056733,2015-03-31 05:02:33
12055862,2015-03-31 05:05:26
12056616,2015-03-31 05:05:35
2957838,2015-03-31 05:13:24
31525,2015-03-31 05:13:39
12056174,2015-03-31 05:15:54
12025988,2015-03-31 05:22:22
12069057,2015-03-31 05:22:06
12055836,2015-03-31 05:23:22
12061842,2015-03-31 05:27:15
12056109,2015-03-31 05:38:32
11999585,2015-03-31 05:40:19
12055966,2015-03-31 05:44:37
12060789,2015-03-31 05:45:53
12016810,2015-03-31 05:48:02
12093822,2015-03-31 05:50:36
7967102,2015-03-31 06:04:33
7950696,2015-03-31 06:09:52
12054939,2015-03-31 06:12:11
12060997,2015-03-31 06:12:23
11978109,2015-03-31 06:18:14
12059112,2015-03-31 06:26:10
12059437,2015-03-31 06:34:40
12055875,2015-03-31 06:36:12
12061712,2015-03-31 06:37:45
8086455,2015-03-31 06:38:56
12054718,2015-03-31 06:39:17
12056161,2015-03-31 06:40:02
12056941,2015-03-31 06:59:25
12055147,2015-03-31 07:05:03
12056512,2015-03-31 07:06:57
12055121,2015-03-31 07:15:12
31551,2015-03-31 07:16:10
12054627,2015-03-31 07:18:12
12055407,2015-03-31 07:24:36
12057396,2015-03-31 07:24:40
1818115,2015-03-31 07:28:12
12056239,2015-03-31 07:28:56
12063207,2015-03-31 07:48:06
12058514,2015-03-31 07:48:38
12023661,2015-03-31 07:53:53
12056694,2015-03-31 08:20:23
12054952,2015-03-31 08:34:46
31499,2015-03-31 09:12:21
12055615,2015-03-31 09:16:26
12055160,2015-03-31 09:37:59
12060061,2015-03-31 09:51:42
12057916,2015-03-31 10:38:19
12057006,2015-03-31 11:22:49
12067861,2015-03-31 11:27:35
12066600,2015-03-31 11:56:23
12059593,2015-03-31 12:10:57
12058592,2015-03-31 12:17:18
12003537,2015-03-31 12:40:02
12055342,2015-03-31 12:51:07
12056434,2015-03-31 12:55:39
7977580,2015-03-31 14:39:44
12058007,2015-03-31 14:51:57
12055563,2015-03-31 15:02:14
12055251,2015-03-31 15:09:21
12058813,2015-03-31 15:32:46
12055225,2015-04-01 00:08:19
12059034,2015-04-01 00:44:03
12065066,2015-04-01 01:02:20
12057318,2015-04-01 01:28:52
12058982,2015-04-01 01:36:46
12130638,2015-04-01 02:23:17
12061465,2015-04-01 02:24:24
12055576,2015-04-01 02:26:01
12055420,2015-04-01 02:50:12
12060256,2015-04-01 03:25:24
12057773,2015-04-01 03:53:40
7953556,2015-04-01 04:07:12
12057175,2015-04-01 04:38:57
12061803,2015-04-01 04:42:39
23452,2015-04-01 05:45:12
12056915,2015-04-01 06:20:36
3910192,2015-04-01 06:26:10
12054510,2015-04-01 06:26:29
8084102,2015-04-01 06:38:44
12057123,2015-04-01 07:08:45
12055641,2015-04-01 07:10:55
12060048,2015-04-01 07:15:44
12066197,2015-04-01 07:21:53
12069187,2015-04-01 07:43:51
12055498,2015-04-01 08:03:59
12054536,2015-04-01 08:09:44
12056460,2015-04-01 08:10:14
12058020,2015-04-01 08:30:15
12055524,2015-04-01 08:32:55
12056031,2015-04-01 08:33:52
12055277,2015-04-01 08:37:41
12055927,2015-04-01 08:46:38
12060633,2015-04-01 08:48:59
7364201,2015-04-01 08:53:06
12055108,2015-04-01 08:58:48
12055017,2015-04-01 09:11:09
12056668,2015-04-01 09:18:56
12055888,2015-04-01 09:20:22
12057162,2015-04-01 09:23:07
12056148,2015-04-01 09:24:29
12055797,2015-04-01 09:24:51
12055186,2015-04-01 09:26:09
12056954,2015-04-01 10:12:54
12131522,2015-04-01 10:28:19
12057084,2015-04-01 10:30:42
12057331,2015-04-01 11:23:00
12056538,2015-04-01 12:04:50
12055849,2015-04-01 12:30:42
8021403,2015-04-01 12:35:13
12056980,2015-04-01 13:23:45
8036821,2015-04-01 13:32:27
12056993,2015-04-01 13:38:00
12064715,2015-04-01 13:55:21
12062089,2015-04-01 14:07:32
12055446,2015-04-01 14:14:50
12065859,2015-04-01 14:33:35
12064117,2015-04-01 14:40:17
12057552,2015-04-01 15:31:44
12065989,2015-04-02 00:24:17
12055433,2015-04-02 00:44:12
12059021,2015-04-02 01:30:15
12055602,2015-04-02 01:50:15
12082109,2015-04-02 02:19:41
12054614,2015-04-02 03:02:42
12054809,2015-04-02 03:05:32
7968402,2015-04-02 04:13:05
12060620,2015-04-02 04:43:08
12060412,2015-04-02 05:03:38
12054978,2015-04-02 05:54:35
12054900,2015-04-02 06:13:34
12060009,2015-04-02 06:34:55
12054575,2015-04-02 07:22:34
12059320,2015-04-02 07:22:36
12054445,2015-04-02 07:37:02
8031153,2015-04-02 10:08:35
12057422,2015-04-02 10:11:53
12065885,2015-04-02 10:27:04
12062011,2015-04-02 13:05:56
8084141,2015-04-02 13:07:31
12055095,2015-04-03 00:40:58
12067627,2015-04-03 00:56:51
12059177,2015-04-03 00:59:07
12059827,2015-04-03 01:54:15
12055706,2015-04-03 04:58:52
7964385,2015-04-03 05:49:12
12055745,2015-04-03 06:04:26
12061218,2015-04-03 06:21:17
12060932,2015-04-03 07:58:50
12058943,2015-04-03 09:23:57
12055069,2015-04-03 10:59:47
12060919,2015-04-03 14:24:15
12061322,2015-04-03 14:30:35
12136826,2015-04-03 16:04:37
8017685,2015-04-04 03:03:50
12066132,2015-04-04 07:05:44
12056785,2015-04-04 07:15:55
12057838,2015-04-04 11:49:15
12060750,2015-04-04 12:36:28
8078031,2015-04-04 13:42:01
12055654,2015-04-04 15:11:38
12058618,2015-04-05 00:07:58
12054965,2015-04-05 01:49:08
7964333,2015-04-05 10:09:42
8089159,2015-04-05 15:38:17
12056564,2015-04-06 05:17:18
8045947,2015-04-06 05:51:16
12060113,2015-04-06 06:49:34
7364630,2015-04-06 07:24:56
8047728,2015-04-06 11:26:01
7977177,2015-04-06 12:21:16
12057383,2015-04-06 14:06:51
7364474,2015-04-06 14:49:21
12055914,2015-04-07 01:07:03
12055680,2015-04-07 01:18:40
12058254,2015-04-07 03:25:57
12141454,2015-04-07 05:05:41
12060867,2015-04-07 08:36:48
12059372,2015-04-07 09:25:10
12066756,2015-04-07 10:47:25
12056291,2015-04-07 11:19:47
7363603,2015-04-07 13:45:48
12055823,2015-04-07 15:36:44
12056525,2015-04-08 02:03:07
12055394,2015-04-08 02:20:56
12061270,2015-04-08 02:32:02
12055771,2015-04-08 02:55:33
12055628,2015-04-08 03:23:32
12009751,2015-04-08 03:58:26
8088873,2015-04-08 04:57:03
12062297,2015-04-08 08:34:12
38376,2015-04-08 12:28:00
12074088,2015-04-08 13:17:14
12055368,2015-04-09 02:17:47
12058046,2015-04-09 05:22:08
2341716,2015-04-09 05:38:32
12056629,2015-04-09 12:36:14
12054822,2015-04-10 08:19:51
12055901,2015-04-10 09:06:01
12093770,2015-04-10 11:43:03
8482305,2015-04-10 12:41:21
8093995,2015-04-10 13:11:00
8088301,2015-04-11 05:05:15
12055693,2015-04-11 09:21:45
8087625,2015-04-11 13:39:32
2086994,2015-04-12 02:10:33
12070760,2015-04-12 03:05:24
12055940,2015-04-12 05:22:03
8087066,2015-04-12 08:30:21
7955623,2015-04-12 13:21:15
12058371,2015-04-12 14:21:10
8098389,2015-04-12 16:22:22
12056096,2015-04-13 05:54:23
12055810,2015-04-13 06:11:22
8087313,2015-04-13 06:33:44
12060282,2015-04-13 07:10:40
12056005,2015-04-13 07:44:55
12056200,2015-04-13 08:16:55
12120927,2015-04-13 10:00:30
12121135,2015-04-13 10:05:55
9339070,2015-04-13 11:04:11
2114801,2015-04-13 13:43:37
12062830,2015-04-15 05:59:21
12071592,2015-04-15 07:33:18
12060152,2015-04-15 07:33:56
12060893,2015-04-15 07:35:23
12060321,2015-04-15 07:35:25
12059814,2015-04-15 07:35:32
4028362,2015-04-15 07:36:47
12068654,2015-04-15 07:36:54
12065378,2015-04-15 07:40:24
12060217,2015-04-15 07:41:06
12059762,2015-04-15 07:41:07
3667859,2015-04-15 07:41:32
12059684,2015-04-15 07:44:00
12059749,2015-04-15 07:45:03
12059463,2015-04-15 07:51:29
12063337,2015-04-15 07:53:42
12059697,2015-04-15 07:55:35
11510759,2015-04-15 08:11:28
12067835,2015-04-15 08:12:14
12059567,2015-04-15 09:00:05
8086234,2015-04-15 09:04:44
6318,2015-04-15 10:13:42
12059892,2015-04-15 11:18:23
12081953,2015-04-15 11:26:31
12072424,2015-04-15 12:11:15
8087664,2015-04-15 12:19:36
12061868,2015-04-15 12:29:57
12060204,2015-04-15 14:07:56
12062583,2015-04-15 14:15:47
12064455,2015-04-15 14:43:02
562198,2015-04-16 00:28:35
12060230,2015-04-16 00:39:58
12060087,2015-04-16 01:32:33
35113,2015-04-16 01:33:32
12060334,2015-04-16 02:20:46
12061023,2015-04-16 02:36:50
307502,2015-04-16 02:45:30
12158575,2015-04-16 04:46:57
12065183,2015-04-16 07:20:37
2168569,2015-04-16 09:33:45
7364669,2015-04-16 10:56:30
12069265,2015-04-16 11:12:58
12055082,2015-04-16 11:41:01
12059840,2015-04-16 13:17:24
12063844,2015-04-16 13:41:45
12060672,2015-04-16 15:00:15
12063974,2015-04-17 01:49:52
12072138,2015-04-17 02:35:44
12064143,2015-04-17 02:59:24
12074465,2015-04-17 07:06:22
12059619,2015-04-17 09:22:50
12059632,2015-04-17 09:30:05
12060841,2015-04-17 10:45:59
12061725,2015-04-17 12:43:40
12059541,2015-04-18 02:42:55
12070877,2015-04-18 04:53:09
8085649,2015-04-18 06:22:18
8087391,2015-04-18 06:30:05
12066795,2015-04-18 07:35:38
12070643,2015-04-18 07:43:13
8087222,2015-04-18 08:39:55
12057734,2015-04-18 09:17:55
11750323,2015-04-18 12:32:35
12162384,2015-04-18 12:55:34
20696,2015-04-19 03:57:40
12054926,2015-04-19 06:21:35
12065599,2015-04-19 06:38:37
12059710,2015-04-19 09:56:49
12061166,2015-04-20 01:17:51
12059931,2015-04-20 01:26:08
12056421,2015-04-20 01:48:57
3843801,2015-04-20 01:49:19
11524006,2015-04-20 05:43:15
12055537,2015-04-20 13:15:28
12059476,2015-04-20 15:44:44
12060464,2015-04-21 00:32:06
12059879,2015-04-21 05:19:39
26832,2015-04-21 05:24:23
12068511,2015-04-21 05:39:32
12059645,2015-04-21 06:15:03
18551,2015-04-21 06:21:41
12060594,2015-04-21 06:26:20
12067887,2015-04-21 06:40:33
12073672,2015-04-21 07:28:13
12055329,2015-04-21 07:49:18
12061127,2015-04-21 11:26:27
12060126,2015-04-21 12:52:50
31538,2015-04-22 02:51:37
12059489,2015-04-22 03:35:56
3800329,2015-04-22 03:52:48
12082057,2015-04-22 07:30:17
26897,2015-04-23 02:30:15
12059164,2015-04-23 03:59:35
12089389,2015-04-23 07:12:28
12060178,2015-04-23 09:46:44
11586705,2015-04-24 05:22:12
12055485,2015-04-24 07:40:18
12060295,2015-04-24 11:27:08
12074842,2015-04-24 14:29:14
26858,2015-04-24 14:37:50
8086325,2015-04-24 14:42:33
8086013,2015-04-24 15:25:17
8035651,2015-04-24 16:03:06
12070708,2015-04-25 03:07:09
8086845,2015-04-25 05:58:07
12055511,2015-04-25 07:54:39
12061049,2015-04-25 13:02:44
12072541,2015-04-25 14:15:40
12055264,2015-04-26 03:07:07
12055589,2015-04-26 08:20:41
12060035,2015-04-26 08:56:09
12069811,2015-04-26 09:11:00
12059671,2015-04-26 10:42:30
12070188,2015-04-26 12:29:53
12066626,2015-04-26 12:50:30
12060438,2015-04-27 04:09:08
3938025,2015-04-27 07:57:46
12067822,2015-04-27 08:57:48
12061361,2015-04-27 12:49:27
12065781,2015-04-27 16:13:09
12060100,2015-04-28 04:22:26
12054562,2015-04-28 07:11:01
12074387,2015-04-28 10:16:53
12055719,2015-04-28 10:27:15
12073165,2015-04-28 12:57:35
12054913,2015-04-29 02:29:14
12059268,2015-04-29 03:42:22
12057188,2015-04-29 09:37:05
12057890,2015-04-29 13:34:22
1816698,2015-04-30 05:13:57
12055459,2015-04-30 12:54:32
12056707,2015-04-30 15:05:06
12057539,2015-05-01 08:34:42
12068979,2015-05-02 03:49:59
12069330,2015-05-02 13:36:39
12078313,2015-05-03 04:45:12
12056343,2015-05-03 13:24:17
12055303,2015-05-03 23:54:05
12054523,2015-05-04 01:58:27
12056473,2015-05-04 04:08:44
12055667,2015-05-04 04:19:47
12056876,2015-05-04 06:41:02
12056447,2015-05-04 06:52:03
12055238,2015-05-04 07:14:58
12054458,2015-05-04 07:18:18
12056603,2015-05-04 07:23:11
12056928,2015-05-04 07:28:20
12056551,2015-05-04 07:48:52
12058033,2015-05-04 07:52:30
12057149,2015-05-04 08:02:49
12057526,2015-05-04 08:09:36
12059450,2015-05-04 08:18:31
12059151,2015-05-04 09:05:44
12059294,2015-05-04 10:25:45
12060815,2015-05-04 10:28:37
12056772,2015-05-04 12:36:12
12058397,2015-05-04 14:10:49
178841,2015-05-04 14:45:39
12063272,2015-05-04 14:59:50
12059606,2015-05-05 01:57:30
12194013,2015-05-05 03:37:45
12062557,2015-05-05 05:03:55
11794796,2015-05-05 07:55:33
12061140,2015-05-05 09:22:19
12055992,2015-05-05 10:13:57
12056252,2015-05-05 10:43:36
12056902,2015-05-05 12:46:10
12056070,2015-05-05 13:38:50
12057799,2015-05-05 14:19:22
12056577,2015-05-05 14:27:19
12074075,2015-05-05 15:50:08
12063012,2015-05-06 01:42:54
12069070,2015-05-06 03:36:42
12070526,2015-05-06 12:28:31
12059411,2015-05-06 15:07:22
12057214,2015-05-07 00:50:08
12056590,2015-05-07 02:15:25
12057136,2015-05-07 02:17:17
12055953,2015-05-07 02:18:09
12061205,2015-05-07 08:40:27
12062219,2015-05-07 13:13:11
12054549,2015-05-08 00:19:36
12054770,2015-05-08 15:31:12
12068836,2015-05-08 15:47:44
12055212,2015-05-09 02:29:31
11978174,2015-05-09 02:49:07
1553201,2015-05-09 05:29:54
12065339,2015-05-09 06:37:24
7363707,2015-05-09 09:10:38
12059307,2015-05-09 11:16:34
12056187,2015-05-09 11:20:18
12061738,2015-05-09 13:04:17
12073191,2015-05-10 01:12:00
12055732,2015-05-10 03:13:26
12059502,2015-05-10 05:22:38
12073230,2015-05-10 05:30:03
12059242,2015-05-10 06:51:15
12071150,2015-05-10 06:55:09
12066054,2015-05-10 08:22:15
12056330,2015-05-10 09:38:19
12060139,2015-05-10 11:21:59
12057942,2015-05-10 11:52:45
12068004,2015-05-10 13:34:29
12060425,2015-05-10 14:34:55
12070617,2015-05-10 14:36:06
3442816,2015-05-10 16:09:54
12057045,2015-05-11 02:38:24
12056317,2015-05-11 02:51:03
28301,2015-05-11 03:29:39
12056798,2015-05-11 06:30:55
12056655,2015-05-11 08:22:51
12063558,2015-05-11 08:34:42
12055173,2015-05-11 09:00:47
5607615,2015-05-11 12:17:26
12062518,2015-05-11 13:28:03
12061751,2015-05-11 13:56:13
12067250,2015-05-11 14:54:23
12070851,2015-05-11 15:12:02
12061036,2015-05-11 15:46:15
12057929,2015-05-12 01:36:10
22672,2015-05-12 01:57:05
12201696,2015-05-12 02:15:14
12059970,2015-05-12 02:56:22
12066574,2015-05-12 03:56:24
12063610,2015-05-12 05:20:50
12121083,2015-05-12 06:37:25
12128818,2015-05-12 08:54:11
12120979,2015-05-12 08:54:24
12121018,2015-05-12 09:20:02
12083539,2015-05-12 09:28:38
12063870,2015-05-12 10:01:02
12065105,2015-05-12 14:22:27
12057903,2015-05-13 08:01:12
12140115,2015-05-14 02:03:15
12121109,2015-05-14 14:24:41
12074725,2015-05-16 15:04:58
7364799,2015-05-22 07:22:04
12121161,2015-06-02 09:08:42
12120966,2015-06-02 09:20:20
12120953,2015-06-03 09:36:35
1118,2015-06-04 02:10:48
12121057,2015-06-05 06:53:14
12153544,2015-06-10 10:42:47
8082880,2015-06-13 05:10:22
8047624,2015-06-15 07:54:22
11267139,2015-06-18 04:35:07
8087950,2015-06-18 04:41:34
8086026,2015-06-18 04:42:24
7968233,2015-06-18 05:37:14
8082750,2015-06-18 09:29:42
8086208,2015-06-18 12:40:11
8087092,2015-06-21 06:38:08
8085428,2015-06-22 05:29:58
8085922,2015-06-24 15:15:29
8086091,2015-06-25 02:15:05
8086390,2015-06-25 02:43:01
11495172,2015-06-29 00:00:17
8087339,2015-06-29 05:07:32
12129468,2015-06-30 14:13:54
12121122,2015-08-11 01:46:44
12121044,2015-08-14 03:11:54
13689117,2015-09-21 09:46:52
13689130,2015-09-21 09:51:10
13694213,2015-09-22 14:23:06
13694226,2015-09-22 14:23:06
13694239,2015-09-22 14:23:06
13694252,2015-09-22 14:23:06
13694265,2015-09-22 14:23:06
13694278,2015-09-22 14:23:06
13694291,2015-09-22 14:23:06
13694304,2015-09-22 14:23:06
13694317,2015-09-22 14:23:16
13694330,2015-09-22 14:23:16
13694343,2015-09-22 14:23:16
13694356,2015-09-22 14:23:16
13694369,2015-09-22 14:23:16
13694382,2015-09-22 14:23:16
13694395,2015-09-22 14:23:16
13694408,2015-09-22 14:23:16
13694421,2015-09-22 14:23:16
13694434,2015-09-22 14:23:16
13694447,2015-09-22 14:23:16
13694460,2015-09-22 14:23:16
13694473,2015-09-22 14:23:16
13694486,2015-09-22 14:23:16
13694499,2015-09-22 14:23:16
13694512,2015-09-22 14:23:16
13694525,2015-09-22 14:23:16
13694538,2015-09-22 14:23:16
13694551,2015-09-22 14:23:16
13694564,2015-09-22 14:23:25
13694577,2015-09-22 14:23:25
13694590,2015-09-22 14:23:25
13694603,2015-09-22 14:23:25
13694616,2015-09-22 14:23:25
13694629,2015-09-22 14:23:25
13694642,2015-09-22 14:23:25
13694655,2015-09-22 14:23:25
13694668,2015-09-22 14:23:25
13694681,2015-09-22 14:23:25
13694694,2015-09-22 14:23:25
13694707,2015-09-22 14:23:25
13694720,2015-09-22 14:23:25
13694733,2015-09-22 14:23:25
13694746,2015-09-22 14:23:25
13694759,2015-09-22 14:23:25
13694772,2015-09-22 14:23:25
13694785,2015-09-22 14:23:25
13694798,2015-09-22 14:23:25
13694811,2015-09-22 14:23:25
13694824,2015-09-22 14:23:25
13694837,2015-09-22 14:23:25
13694850,2015-09-22 14:23:25
13694863,2015-09-22 14:23:25
13694876,2015-09-22 14:23:25
13694889,2015-09-22 14:23:25
13694902,2015-09-22 14:23:25
13694915,2015-09-22 14:23:25
13694928,2015-09-22 14:23:25
13694941,2015-09-22 14:23:25
13694954,2015-09-22 14:23:25
13694967,2015-09-22 14:23:25
13694980,2015-09-22 14:23:25
13694993,2015-09-22 14:23:25
13695006,2015-09-22 14:23:25
13695019,2015-09-22 14:23:25
13695032,2015-09-22 14:23:25
13695045,2015-09-22 14:23:25
13695058,2015-09-22 14:23:25
13695071,2015-09-22 14:23:25
13695084,2015-09-22 14:23:25
13695097,2015-09-22 14:23:25
13695110,2015-09-22 14:23:25
13695123,2015-09-22 14:23:25
13695136,2015-09-22 14:23:25
13695149,2015-09-22 14:23:25
13695162,2015-09-22 14:23:25
13695175,2015-09-22 14:23:25
13695188,2015-09-22 14:23:25
13695201,2015-09-22 14:23:25
13695214,2015-09-22 14:23:25
13695227,2015-09-22 14:23:25
13695240,2015-09-22 14:23:25
13695253,2015-09-22 14:23:25
13695266,2015-09-22 14:23:25
13695279,2015-09-22 14:23:25
13695292,2015-09-22 14:23:25
13695305,2015-09-22 14:23:25
13695318,2015-09-22 14:23:25
13695331,2015-09-22 14:23:25
13695344,2015-09-22 14:23:25
13695357,2015-09-22 14:23:25
13695370,2015-09-22 14:23:25
13695383,2015-09-22 14:23:25
13695396,2015-09-22 14:23:25
13695409,2015-09-22 14:23:25
13695422,2015-09-22 14:23:25
13695435,2015-09-22 14:23:25
13695448,2015-09-22 14:23:25
13695461,2015-09-22 14:23:25
13695474,2015-09-22 14:23:25
13695487,2015-09-22 14:23:25
13695500,2015-09-22 14:23:25
13695513,2015-09-22 14:23:25
13695526,2015-09-22 14:23:25
13695539,2015-09-22 14:23:25
13695552,2015-09-22 14:23:25
13695565,2015-09-22 14:23:25
13695578,2015-09-22 14:23:25
13695591,2015-09-22 14:23:25
13695604,2015-09-22 14:23:25
13695617,2015-09-22 14:23:25
13695630,2015-09-22 14:23:25
13695643,2015-09-22 14:23:25
13695656,2015-09-22 14:23:25
13695669,2015-09-22 14:23:25
13695682,2015-09-22 14:23:25
13695695,2015-09-22 14:23:25
13695708,2015-09-22 14:23:25
13695721,2015-09-22 14:23:25
13695734,2015-09-22 14:23:25
13695747,2015-09-22 14:23:25
13695760,2015-09-22 14:23:25
13695773,2015-09-22 14:23:25
13695786,2015-09-22 14:23:25
13695799,2015-09-22 14:23:25
13695812,2015-09-22 14:23:25
13695825,2015-09-22 14:23:25
13695838,2015-09-22 14:23:25
13695851,2015-09-22 14:23:25
13695864,2015-09-22 14:23:25
13695877,2015-09-22 14:23:25
13695890,2015-09-22 14:23:25
13695903,2015-09-22 14:23:25
13695916,2015-09-22 14:23:25
13695929,2015-09-22 14:23:25
13695942,2015-09-22 14:23:25
13695955,2015-09-22 14:23:25
13695968,2015-09-22 14:23:25
13695981,2015-09-22 14:23:25
13695994,2015-09-22 14:23:25
13696007,2015-09-22 14:23:25
13696020,2015-09-22 14:23:25
13696033,2015-09-22 14:23:25
13696046,2015-09-22 14:23:25
13696059,2015-09-22 14:23:25
13696072,2015-09-22 14:23:25
13696085,2015-09-22 14:23:25
13696098,2015-09-22 14:23:25
13696111,2015-09-22 14:23:25
13696124,2015-09-22 14:23:25
13696137,2015-09-22 14:23:25
13696150,2015-09-22 14:23:25
13696163,2015-09-22 14:23:25
13696176,2015-09-22 14:23:25
13696189,2015-09-22 14:23:25
13696202,2015-09-22 14:23:25
13696215,2015-09-22 14:23:25
13696228,2015-09-22 14:23:25
13696241,2015-09-22 14:23:25
13696254,2015-09-22 14:23:25
13696267,2015-09-22 14:23:25
13696280,2015-09-22 14:23:25
13696293,2015-09-22 14:23:25
13696306,2015-09-22 14:23:25
13696319,2015-09-22 14:23:25
13696332,2015-09-22 14:23:25
13696345,2015-09-22 14:23:25
13696358,2015-09-22 14:23:25
13696371,2015-09-22 14:23:25
13696384,2015-09-22 14:23:25
13696397,2015-09-22 14:23:25
13696410,2015-09-22 14:23:25
13696423,2015-09-22 14:23:25
13696436,2015-09-22 14:23:25
13696449,2015-09-22 14:23:25
13696462,2015-09-22 14:23:25
13696475,2015-09-22 14:23:25
13696488,2015-09-22 14:23:25
13696501,2015-09-22 14:23:25
13696514,2015-09-22 14:23:25
13696527,2015-09-22 14:23:25
13696540,2015-09-22 14:23:25
13696553,2015-09-22 14:23:25
13696566,2015-09-22 14:23:25
13696579,2015-09-22 14:23:25
13696592,2015-09-22 14:23:25
13696605,2015-09-22 14:23:25
13696618,2015-09-22 14:23:25
13696631,2015-09-22 14:23:25
13696644,2015-09-22 14:23:25
13696657,2015-09-22 14:23:25
13696670,2015-09-22 14:23:25
13696683,2015-09-22 14:23:25
13696696,2015-09-22 14:23:25
13696709,2015-09-22 14:23:25
13696722,2015-09-22 14:23:25
13696735,2015-09-22 14:23:25
13696748,2015-09-22 14:23:25
13696761,2015-09-22 14:23:25
13696774,2015-09-22 14:23:25
13696787,2015-09-22 14:23:25
13696800,2015-09-22 14:23:25
13696813,2015-09-22 14:23:25
13696826,2015-09-22 14:23:25
13696839,2015-09-22 14:23:25
13696852,2015-09-22 14:23:25
13696865,2015-09-22 14:23:25
13696878,2015-09-22 14:23:25
13696891,2015-09-22 14:23:25
13696904,2015-09-22 14:23:25
13696917,2015-09-22 14:23:25
13696930,2015-09-22 14:23:25
13696943,2015-09-22 14:23:25
13696956,2015-09-22 14:23:25
13696969,2015-09-22 14:23:25
13696995,2015-09-22 14:23:25
13697008,2015-09-22 14:23:25
13697021,2015-09-22 14:23:25
13697034,2015-09-22 14:23:25
13697047,2015-09-22 14:23:25
13697060,2015-09-22 14:23:25
13697073,2015-09-22 14:23:25
13697086,2015-09-22 14:23:25
13697099,2015-09-22 14:23:25
13697112,2015-09-22 14:23:25
13697125,2015-09-22 14:23:25
13697138,2015-09-22 14:23:25
13697151,2015-09-22 14:23:25
13697164,2015-09-22 14:23:25
13697177,2015-09-22 14:23:25
13697190,2015-09-22 14:23:25
13697203,2015-09-22 14:23:25
13697216,2015-09-22 14:23:25
13697229,2015-09-22 14:23:33
13697242,2015-09-22 14:23:33
13697255,2015-09-22 14:23:33
13697268,2015-09-22 14:23:33
13697281,2015-09-22 14:23:33
13697294,2015-09-22 14:23:33
13697307,2015-09-22 14:23:33
13697320,2015-09-22 14:23:33
13697333,2015-09-22 14:23:33
13697827,2015-09-22 17:13:41
13697840,2015-09-22 17:13:41
13697853,2015-09-22 17:13:41
13697866,2015-09-22 17:13:41
13697879,2015-09-22 17:13:41
13697892,2015-09-22 17:13:41
13698113,2015-09-22 18:31:08
14116180,2015-09-28 17:07:09
14116193,2015-09-28 17:07:09
14116206,2015-09-28 17:07:09
14116219,2015-09-28 17:07:09
14265823,2015-10-10 20:43:09
14441323,2015-10-13 14:44:35
14501136,2015-10-16 14:57:17
14501149,2015-10-16 14:57:17
14501162,2015-10-16 14:57:17
14501175,2015-10-16 15:09:27
14837290,2015-10-21 14:31:40
15258269,2015-10-27 15:00:30
15258282,2015-10-27 15:00:30
15258295,2015-10-27 15:00:30
15258308,2015-10-27 15:00:30
15258321,2015-10-27 15:00:30
15258334,2015-10-27 15:00:30
15258347,2015-10-27 15:00:30
15258360,2015-10-27 15:00:30
15258373,2015-10-27 15:00:30
15258386,2015-10-27 15:00:30
15258399,2015-10-27 15:00:30
15258412,2015-10-27 15:00:30
15258425,2015-10-27 15:00:30
15258438,2015-10-27 15:00:30
15258451,2015-10-27 15:00:30
15258464,2015-10-27 15:00:30
15258477,2015-10-27 15:00:30
15258490,2015-10-27 15:00:30
15258503,2015-10-27 15:00:30
15258516,2015-10-27 15:00:30
15258529,2015-10-27 15:00:30
15258542,2015-10-27 15:00:30
15258555,2015-10-27 15:00:30
15258568,2015-10-27 15:00:30
15258581,2015-10-27 15:00:30
15258594,2015-10-27 15:00:30
15258607,2015-10-27 15:00:30
15258620,2015-10-27 15:00:30
15258633,2015-10-27 15:00:30
15258646,2015-10-27 15:00:30
15258659,2015-10-27 15:00:30
15258672,2015-10-27 15:00:30
15258685,2015-10-27 15:00:30
15258698,2015-10-27 15:00:30
15258711,2015-10-27 15:00:30
15258724,2015-10-27 15:00:30
15258737,2015-10-27 15:00:30
15258750,2015-10-27 15:00:30
15258763,2015-10-27 15:00:30
15258776,2015-10-27 15:00:30
15258789,2015-10-27 15:00:30
15258802,2015-10-27 15:00:30
15258815,2015-10-27 15:00:30
15258828,2015-10-27 15:00:30
15258841,2015-10-27 15:00:30
15258854,2015-10-27 15:00:30
15258867,2015-10-27 15:00:30
15258880,2015-10-27 15:00:30
15258893,2015-10-27 15:00:30
15258906,2015-10-27 15:00:30
15258919,2015-10-27 15:00:30
15258932,2015-10-27 15:00:58
15258945,2015-10-27 15:00:58
15258958,2015-10-27 15:00:58
15258971,2015-10-27 15:00:58
15258984,2015-10-27 15:00:58
15258997,2015-10-27 15:00:58
15259010,2015-10-27 15:00:58
15259023,2015-10-27 15:00:58
15259036,2015-10-27 15:00:58
15259049,2015-10-27 15:00:58
15259062,2015-10-27 15:00:58
15259075,2015-10-27 15:00:58
15259088,2015-10-27 15:00:58
15259101,2015-10-27 15:00:58
15259114,2015-10-27 15:00:58
15259127,2015-10-27 15:00:58
15259140,2015-10-27 15:00:58
15259166,2015-10-27 15:00:58
15259179,2015-10-27 15:00:58
15259192,2015-10-27 15:00:58
15259205,2015-10-27 15:00:58
15259218,2015-10-27 15:00:58
15259231,2015-10-27 15:00:58
15259244,2015-10-27 15:00:58
15259257,2015-10-27 15:00:58
15259270,2015-10-27 15:00:58
15259283,2015-10-27 15:00:58
15259296,2015-10-27 15:00:58
15259309,2015-10-27 15:00:58
15259322,2015-10-27 15:00:58
15259335,2015-10-27 15:00:58
15259348,2015-10-27 15:00:58
15259361,2015-10-27 15:00:58
15259374,2015-10-27 15:00:58
13696982,2015-10-29 15:36:50
15456545,2015-10-30 09:56:35
15456558,2015-10-30 09:56:35
15456571,2015-10-30 09:56:35
15456584,2015-10-30 09:56:35
15456597,2015-10-30 09:56:35
15456610,2015-10-30 09:56:35
15456623,2015-10-30 09:56:35
15456636,2015-10-30 09:56:35
15456649,2015-10-30 09:56:35
15456662,2015-10-30 09:56:35
15456675,2015-10-30 09:56:35
15456688,2015-10-30 09:56:35
15456701,2015-10-30 09:56:35
15456714,2015-10-30 09:56:35
15456727,2015-10-30 09:56:35
15456740,2015-10-30 09:56:35
15456753,2015-10-30 09:56:35
15456766,2015-10-30 09:56:35
15456779,2015-10-30 09:56:35
15456792,2015-10-30 09:56:35
15456805,2015-10-30 09:56:35
15456818,2015-10-30 09:56:35
15456831,2015-10-30 09:56:35
15456844,2015-10-30 09:56:35
15456857,2015-10-30 09:56:35
15456870,2015-10-30 09:56:35
15456883,2015-10-30 09:56:35
15456896,2015-10-30 09:56:35
15456909,2015-10-30 09:56:35
15456922,2015-10-30 09:56:35
15456935,2015-10-30 09:56:35
15456948,2015-10-30 09:56:35
15456961,2015-10-30 09:56:35
15456974,2015-10-30 09:56:35
15456987,2015-10-30 09:56:35
15457000,2015-10-30 09:56:35
15457013,2015-10-30 09:56:35
15457026,2015-10-30 09:56:35
15457039,2015-10-30 09:56:35
15457052,2015-10-30 09:56:35
15457065,2015-10-30 09:56:35
15457078,2015-10-30 09:56:35
15457091,2015-10-30 09:56:35
15457104,2015-10-30 09:56:35
15457117,2015-10-30 09:56:35
15457130,2015-10-30 09:56:35
15457143,2015-10-30 09:56:35
15457156,2015-10-30 09:56:35
15457169,2015-10-30 09:56:35
15457182,2015-10-30 09:56:35
15457195,2015-10-30 09:56:35
15457208,2015-10-30 09:56:35
15457221,2015-10-30 09:56:35
15457234,2015-10-30 09:56:35
15457247,2015-10-30 09:56:35
15457260,2015-10-30 09:56:35
15457273,2015-10-30 09:56:35
15457286,2015-10-30 09:56:35
15457299,2015-10-30 09:56:35
15457312,2015-10-30 09:56:35
15457325,2015-10-30 09:56:35
15457338,2015-10-30 09:56:35
15457351,2015-10-30 09:56:35
15457364,2015-10-30 09:56:35
15457377,2015-10-30 09:56:35
15457390,2015-10-30 09:56:35
15457403,2015-10-30 09:56:35
15457416,2015-10-30 09:56:35
15457429,2015-10-30 09:56:35
15457442,2015-10-30 09:56:35
15457455,2015-10-30 09:56:35
15457468,2015-10-30 09:56:35
15457481,2015-10-30 09:56:35
15457494,2015-10-30 09:56:35
15457507,2015-10-30 09:56:35
15457520,2015-10-30 09:56:35
15457533,2015-10-30 09:56:35
15457546,2015-10-30 09:56:35
15457559,2015-10-30 09:56:35
15457572,2015-10-30 09:56:35
15457585,2015-10-30 09:56:35
15457598,2015-10-30 09:56:35
15457624,2015-10-30 10:00:43
15457637,2015-10-30 10:00:43
15457650,2015-10-30 10:00:43
15457663,2015-10-30 10:00:43
15457676,2015-10-30 10:00:43
15457689,2015-10-30 10:00:43
15457702,2015-10-30 10:00:43
15457715,2015-10-30 10:00:43
15457728,2015-10-30 10:00:43
15457741,2015-10-30 10:00:43
15457754,2015-10-30 10:00:43
15457767,2015-10-30 10:00:43
15457780,2015-10-30 10:00:43
15457793,2015-10-30 10:00:43
15457806,2015-10-30 10:00:43
15457819,2015-10-30 10:00:43
15457832,2015-10-30 10:00:43
15457845,2015-10-30 10:00:43
15457858,2015-10-30 10:00:43
15457871,2015-10-30 10:00:43
15457884,2015-10-30 10:00:43
15457897,2015-10-30 10:00:43
15457910,2015-10-30 10:00:43
15457923,2015-10-30 10:00:43
15457936,2015-10-30 10:00:43
15457949,2015-10-30 10:00:43
15457962,2015-10-30 10:00:43
15457975,2015-10-30 10:00:43
15457988,2015-10-30 10:00:43
15458001,2015-10-30 10:00:43
15458014,2015-10-30 10:00:43
15458027,2015-10-30 10:00:43
15458040,2015-10-30 10:00:43
15458053,2015-10-30 10:00:43
15458066,2015-10-30 10:00:43
15458079,2015-10-30 10:00:43
15458092,2015-10-30 10:00:43
15458105,2015-10-30 10:00:43
15458118,2015-10-30 10:00:43
15458131,2015-10-30 10:00:43
15458144,2015-10-30 10:00:43
15458157,2015-10-30 10:00:43
15458170,2015-10-30 10:00:43
15458183,2015-10-30 10:00:43
15458196,2015-10-30 10:00:43
15458209,2015-10-30 10:00:43
15458222,2015-10-30 10:00:43
15458235,2015-10-30 10:00:43
15458248,2015-10-30 10:00:43
15458261,2015-10-30 10:00:43
15458274,2015-10-30 10:00:43
15457611,2015-10-30 10:03:02
15749981,2015-11-05 13:53:38
15750046,2015-11-05 14:40:24
15750085,2015-11-05 16:15:21
15855554,2015-11-06 19:18:11
15856438,2015-11-09 17:11:05
15931695,2015-11-12 14:47:53
15931708,2015-11-12 14:47:53
15931734,2015-11-12 14:47:53
15931747,2015-11-12 14:47:53
15931760,2015-11-12 14:47:53
15931773,2015-11-12 14:47:53
15931799,2015-11-12 14:47:53
15931825,2015-11-12 14:47:53
15931838,2015-11-12 14:47:53
15931851,2015-11-12 14:47:53
15931864,2015-11-12 14:47:53
15931877,2015-11-12 14:47:53
15931890,2015-11-12 14:47:53
15931903,2015-11-12 14:47:53
15931916,2015-11-12 14:47:53
15931929,2015-11-12 14:47:53
15931942,2015-11-12 14:47:53
15931955,2015-11-12 14:47:53
15931968,2015-11-12 14:47:53
15931981,2015-11-12 14:47:53
15931994,2015-11-12 14:47:53
15932007,2015-11-12 14:47:53
15932020,2015-11-12 14:47:53
15932033,2015-11-12 14:47:53
15932046,2015-11-12 14:47:53
15932072,2015-11-12 14:47:53
15932085,2015-11-12 14:47:53
15932098,2015-11-12 14:47:53
15932111,2015-11-12 14:47:53
15932124,2015-11-12 14:47:53
15932137,2015-11-12 14:47:53
15932150,2015-11-12 14:47:53
15932163,2015-11-12 14:47:53
15932176,2015-11-12 14:47:53
15932189,2015-11-12 14:47:53
15932202,2015-11-12 14:47:53
15932215,2015-11-12 14:47:53
15932241,2015-11-12 14:47:53
15932254,2015-11-12 14:47:53
15932280,2015-11-12 14:47:53
15932293,2015-11-12 14:47:53
15932306,2015-11-12 14:47:53
15932319,2015-11-12 14:47:53
15932332,2015-11-12 14:47:53
15932345,2015-11-12 14:47:53
15932358,2015-11-12 14:47:53
15932371,2015-11-12 14:47:53
15932384,2015-11-12 14:47:53
15932397,2015-11-12 14:47:53
15932410,2015-11-12 14:47:53
15932423,2015-11-12 14:47:53
15932436,2015-11-12 14:47:53
15932449,2015-11-12 14:47:53
15932462,2015-11-12 14:47:53
15932475,2015-11-12 14:47:53
15932488,2015-11-12 14:47:53
15932501,2015-11-12 14:47:53
15932514,2015-11-12 14:47:53
15932527,2015-11-12 14:47:53
15932540,2015-11-12 14:47:53
15932553,2015-11-12 14:47:53
15932566,2015-11-12 14:47:53
15932579,2015-11-12 14:47:53
15932592,2015-11-12 14:47:53
15959034,2015-11-16 18:03:33
15959047,2015-11-16 18:03:33
15959060,2015-11-16 18:03:33
16011450,2015-11-20 13:39:46
16036800,2015-11-25 18:28:58
16036813,2015-11-25 18:28:58
16036826,2015-11-25 18:28:58
16036839,2015-11-25 18:28:58
16036852,2015-11-25 18:28:58
16036865,2015-11-25 18:28:58
16036878,2015-11-25 18:28:58
16036891,2015-11-25 18:28:58
16036904,2015-11-25 18:28:58
16036917,2015-11-25 18:28:58
16036930,2015-11-25 18:28:58
16036943,2015-11-25 18:28:58
16036956,2015-11-25 18:28:58
16036969,2015-11-25 18:28:58
16036982,2015-11-25 18:28:58
16036995,2015-11-25 18:28:58
16037008,2015-11-25 18:28:58
16037021,2015-11-25 18:28:58
16037034,2015-11-25 18:28:58
16037047,2015-11-25 18:28:58
16037060,2015-11-25 18:28:58
16037073,2015-11-25 18:28:58
16037086,2015-11-25 18:28:58
16037099,2015-11-25 18:28:58
16037112,2015-11-25 18:28:58
16037125,2015-11-25 18:28:58
16037138,2015-11-25 18:28:58
16037151,2015-11-25 18:28:58
16037164,2015-11-25 18:28:58
16037177,2015-11-25 18:28:58
16037190,2015-11-25 18:28:58
16037203,2015-11-25 18:28:58
16037658,2015-11-26 11:49:15
16096678,2015-11-27 13:58:49
16096691,2015-11-27 13:58:49
16096704,2015-11-27 13:58:49
16096717,2015-11-27 13:58:49
16096730,2015-11-27 13:58:49
16096743,2015-11-27 13:58:49
16096756,2015-11-27 13:58:49
16096769,2015-11-27 13:58:49
16096782,2015-11-27 13:58:49
16096795,2015-11-27 13:58:49
16096808,2015-11-27 13:58:49
16096821,2015-11-27 13:58:49
16096834,2015-11-27 13:58:49
16096847,2015-11-27 13:58:49
16096860,2015-11-27 13:58:49
16096873,2015-11-27 13:58:49
16096886,2015-11-27 13:58:49
16096899,2015-11-27 13:58:49
16096912,2015-11-27 13:58:49
16096925,2015-11-27 13:58:49
16096938,2015-11-27 13:58:49
16096951,2015-11-27 13:58:49
16096964,2015-11-27 13:58:49
16096977,2015-11-27 13:58:49
16096990,2015-11-27 13:58:49
16097003,2015-11-27 13:58:49
16097016,2015-11-27 13:58:49
16097029,2015-11-27 13:58:49
16097042,2015-11-27 13:58:49
16097055,2015-11-27 13:58:49
16097068,2015-11-27 13:58:49
16097081,2015-11-27 13:58:49
16097094,2015-11-27 13:58:49
16097107,2015-11-27 13:58:49
16097120,2015-11-27 13:58:49
16098095,2015-11-30 14:14:58
16159897,2015-12-03 18:04:49
16489564,2015-12-16 13:43:25
16545373,2015-12-28 16:39:54
16642704,2015-12-31 19:52:36
16898687,2016-01-12 17:51:50
13012766,2016-03-07 15:59:53
12192258,2016-03-07 16:23:02
13011453,2016-03-08 11:12:47
16978416,2016-03-08 17:00:06
12187994,2016-03-08 21:20:58
16980561,2016-03-08 21:24:01
16980626,2016-03-08 21:36:53
16983200,2016-03-09 17:16:44
16983187,2016-03-09 17:16:45
13008593,2016-03-09 21:01:41
13008359,2016-03-10 10:15:07
13008983,2016-03-10 14:46:07
13009061,2016-03-10 14:51:37
17052334,2016-03-16 19:05:11
12267983,2016-03-16 19:50:04
17063475,2016-03-16 22:43:22
17067648,2016-03-17 09:26:42
8085831,2016-03-19 15:57:49
8086546,2016-03-19 16:01:00
17274478,2016-03-19 18:39:36
8086273,2016-03-19 20:02:13
17299789,2016-03-20 15:08:31
17302090,2016-03-20 15:14:11
17301973,2016-03-20 15:45:04
17303949,2016-03-20 16:06:26
17304105,2016-03-20 16:09:55
17307485,2016-03-20 17:06:43
17326842,2016-03-20 21:20:07
17349501,2016-03-21 17:59:05
17275193,2016-03-23 14:05:59
17331990,2016-03-24 10:48:02
17435834,2016-03-24 23:09:12
17456166,2016-03-26 15:58:03
17468152,2016-03-27 15:42:04
17478682,2016-03-27 23:03:45
17480593,2016-03-28 10:43:41
17551651,2016-04-01 00:03:29
17554849,2016-04-01 15:30:05
17439266,2016-04-01 18:57:21
17559074,2016-04-01 23:16:11
17559139,2016-04-01 23:28:21
17559204,2016-04-01 23:45:29
17559243,2016-04-01 23:48:29
12493351,2016-04-02 00:05:28
17559581,2016-04-02 07:18:06
17559542,2016-04-02 08:49:33
12249458,2016-04-02 08:49:56
17559685,2016-04-02 08:50:31
13026871,2016-04-02 08:57:01
17559763,2016-04-02 09:06:32
17560010,2016-04-02 09:58:42
12248210,2016-04-02 10:00:48
13025909,2016-04-02 10:33:28
17560257,2016-04-02 10:33:27
17560465,2016-04-02 11:01:36
17561427,2016-04-02 13:25:42
13026416,2016-04-02 16:43:46
17562857,2016-04-02 17:07:39
17562922,2016-04-02 17:24:07
7363837,2016-04-02 17:24:27
13025181,2016-04-02 19:01:57
13026221,2016-04-02 21:12:37
17564976,2016-04-02 21:24:53
13025766,2016-04-02 21:29:39
17564755,2016-04-02 21:36:00
17565093,2016-04-02 21:37:04
17565314,2016-04-02 22:04:18
17560335,2016-04-02 22:05:52
13037570,2016-04-02 22:26:26
17565665,2016-04-02 22:45:01
17565925,2016-04-02 23:43:32
12619113,2016-04-03 08:01:07
17481178,2016-04-03 08:41:09
17566653,2016-04-03 10:55:03
13032929,2016-04-03 11:41:34
17490057,2016-04-03 13:49:49
17566796,2016-04-03 14:12:35
17567823,2016-04-03 14:12:45
17568694,2016-04-03 16:24:19
8090576,2016-04-03 17:14:39
17481373,2016-04-03 20:59:50
17570982,2016-04-03 22:32:05
17571762,2016-04-04 09:29:26
17571853,2016-04-04 09:43:27
12270063,2016-04-04 10:24:14
17574700,2016-04-04 17:00:31
17577027,2016-04-04 20:22:04
13024440,2016-04-04 22:05:12
13093002,2016-04-05 09:45:42
12264850,2016-04-05 12:53:31
17584645,2016-04-05 15:11:18
17584853,2016-04-05 15:20:02
17586868,2016-04-05 16:52:28
13045708,2016-04-05 17:16:01
17591470,2016-04-05 20:25:40
17595201,2016-04-05 23:54:03
17598906,2016-04-06 12:18:47
13044603,2016-04-06 12:25:49
17602741,2016-04-06 15:46:47
17482361,2016-04-07 14:43:24
13037024,2016-04-07 16:55:00
17639401,2016-04-08 16:13:19
17640376,2016-04-08 17:26:52
13025753,2016-04-08 17:29:20
17648228,2016-04-09 09:22:03
17661605,2016-04-09 21:11:04
17696965,2016-04-11 22:28:08
17580433,2016-04-12 15:37:43
17714333,2016-04-12 20:12:40
13042796,2016-04-13 09:55:51
17743011,2016-04-14 20:32:49
17738773,2016-04-16 22:19:07
13056901,2016-04-17 12:42:37
17711785,2016-04-18 17:56:27
17849052,2016-04-20 13:18:07
13026949,2016-04-20 22:19:10
12995905,2016-04-22 10:55:13
13025597,2016-04-22 20:50:58
17805944,2016-04-23 12:58:18
17943055,2016-04-26 14:50:33
6597513,2016-04-29 10:38:27
12991134,2016-05-04 14:50:48
17483323,2016-05-04 22:44:36
8087443,2016-05-05 11:26:36
18063929,2016-05-06 17:28:36
17580238,2016-05-06 17:45:03
13043537,2016-05-06 17:45:42
12246819,2016-05-06 17:50:01
18066945,2016-05-06 21:49:20
18066997,2016-05-06 22:10:22
13041951,2016-05-06 22:19:17
13042601,2016-05-06 22:55:03
13044707,2016-05-06 23:53:17
13036907,2016-05-07 01:42:48
13033280,2016-05-07 10:24:43
13033020,2016-05-07 13:02:31
18097313,2016-05-10 11:12:27
17304040,2016-05-12 17:39:27
7955558,2016-05-13 09:48:12
18162755,2016-05-13 14:34:42
12245636,2016-05-15 11:54:38
18181202,2016-05-16 14:36:29
18074706,2016-05-19 15:13:57
18268016,2016-06-01 14:29:36
18276076,2016-06-01 14:30:34
18274321,2016-06-01 14:31:07
18276167,2016-06-01 14:33:01
18272241,2016-06-01 14:40:51
18267977,2016-06-01 14:53:31
18268263,2016-06-01 15:01:40
18423041,2016-06-01 15:26:56
18269979,2016-06-01 17:57:31
18277155,2016-06-01 18:10:52
18269173,2016-06-01 21:01:04
7363109,2016-06-01 21:40:33
18430919,2016-06-02 10:30:53
8086897,2016-06-02 21:42:21
18268835,2016-06-03 16:54:20
12171731,2016-06-04 09:30:38
18273515,2016-06-04 09:43:06
18276232,2016-06-04 19:46:59
18451849,2016-06-04 20:03:40
7365189,2016-06-04 21:27:45
18276219,2016-06-04 21:53:29
18268185,2016-06-05 09:29:35
7365371,2016-06-07 06:31:13
18276453,2016-06-07 09:34:24
7363005,2016-06-07 09:41:49
18277532,2016-06-11 11:15:36
18269654,2016-06-11 14:28:20
18276336,2016-06-12 10:10:46
18268848,2016-06-14 12:34:50
18279807,2016-06-14 22:19:24
18278247,2016-06-18 02:49:30
18284058,2016-06-18 08:50:16
18273840,2016-06-18 11:09:20
18734573,2016-06-18 13:09:57
7363421,2016-06-18 21:04:06
19794320,2016-09-08 14:38:19
19794515,2016-09-08 14:41:49
19794541,2016-09-08 14:44:01
19794567,2016-09-08 14:45:49
19863467,2016-09-14 18:14:45
19873516,2016-09-14 18:15:31
19919068,2016-09-14 18:21:31
19863415,2016-09-14 18:22:32
19865378,2016-09-14 18:22:37
19863337,2016-09-14 18:23:59
19919185,2016-09-14 18:29:33
19919315,2016-09-14 18:34:20
19919302,2016-09-14 18:34:36
19919328,2016-09-14 18:35:14
19919341,2016-09-14 18:35:34
19919406,2016-09-14 18:36:33
19919822,2016-09-14 18:51:54
19865339,2016-09-14 18:53:42
19864299,2016-09-14 19:10:01
19865300,2016-09-14 19:11:42
19920758,2016-09-14 19:23:07
19864286,2016-09-14 19:23:31
19921850,2016-09-14 19:40:31
19922110,2016-09-14 19:54:25
19922201,2016-09-14 19:58:20
19923527,2016-09-14 21:01:00
19923592,2016-09-14 21:06:17
19923618,2016-09-14 21:07:50
19923813,2016-09-14 21:18:49
19924437,2016-09-14 21:49:02
19925009,2016-09-14 22:14:21
19926218,2016-09-14 23:33:33
19926478,2016-09-15 00:23:35
19927037,2016-09-15 08:28:20
19927102,2016-09-15 08:36:03
19865677,2016-09-15 08:42:53
19927427,2016-09-15 09:15:03
19927856,2016-09-15 10:06:04
19928064,2016-09-15 10:25:23
19863493,2016-09-15 10:29:54
19928194,2016-09-15 10:36:34
19928610,2016-09-15 11:08:01
19928831,2016-09-15 11:22:13
19929013,2016-09-15 11:40:57
19931509,2016-09-15 15:16:56
19932523,2016-09-15 16:34:52
19933823,2016-09-15 18:32:30
19867770,2016-09-15 22:03:45
19863441,2016-09-15 23:27:45
19938685,2016-09-16 08:43:06
19938854,2016-09-16 08:58:01
19938997,2016-09-16 09:09:01
19865794,2016-09-16 09:15:09
19870552,2016-09-16 09:31:09
19939764,2016-09-16 09:54:47
19939816,2016-09-16 09:56:43
19939946,2016-09-16 10:02:55
19939998,2016-09-16 10:03:55
19940050,2016-09-16 10:07:16
19940193,2016-09-16 10:15:11
19940375,2016-09-16 10:24:19
19940505,2016-09-16 10:31:44
19940531,2016-09-16 10:32:29
19940986,2016-09-16 11:06:59
19941246,2016-09-16 11:16:33
19942221,2016-09-16 12:25:35
19943885,2016-09-16 14:16:26
19944834,2016-09-16 15:29:27
19944899,2016-09-16 15:35:44
19945575,2016-09-16 16:32:29
19945796,2016-09-16 16:44:10
19945978,2016-09-16 16:58:21
19946225,2016-09-16 17:08:56
19947460,2016-09-16 18:11:49
19947798,2016-09-16 18:26:47
19949592,2016-09-16 19:50:51
19949761,2016-09-16 20:02:59
19950021,2016-09-16 20:14:32
19950060,2016-09-16 20:17:41
19950138,2016-09-16 20:21:38
19950476,2016-09-16 20:37:36
19953089,2016-09-16 22:39:00
19954155,2016-09-17 00:27:34
19954662,2016-09-17 08:33:15
19863987,2016-09-17 08:43:02
19954779,2016-09-17 08:51:35
19954831,2016-09-17 08:57:03
19955403,2016-09-17 09:28:58
19957808,2016-09-17 11:18:52
19958679,2016-09-17 12:00:04
19962696,2016-09-17 15:29:37
19963892,2016-09-17 16:14:36
19964269,2016-09-17 16:30:41
19867978,2016-09-17 17:04:33
19965491,2016-09-17 17:08:17
19970613,2016-09-17 18:44:22
19970912,2016-09-17 18:54:46
19973239,2016-09-17 19:51:31
19976528,2016-09-17 21:21:02
19976723,2016-09-17 21:36:25
19979115,2016-09-17 22:33:28
19979232,2016-09-17 22:36:22
19979752,2016-09-17 22:52:34
19980883,2016-09-18 00:32:19
19981000,2016-09-18 01:59:46
19982820,2016-09-18 08:56:17
19984172,2016-09-18 09:31:17
19984146,2016-09-18 09:31:25
19986733,2016-09-18 10:38:08
19989632,2016-09-18 11:50:57
19990633,2016-09-18 12:16:58
19991374,2016-09-18 12:29:48
19991725,2016-09-18 12:34:05
19994793,2016-09-18 13:20:58
19994884,2016-09-18 13:22:03
19875934,2016-09-18 14:00:49
20001644,2016-09-18 15:34:26
20002385,2016-09-18 15:47:05
20003620,2016-09-18 16:12:35
20004712,2016-09-18 16:38:04
20006467,2016-09-18 17:11:36
20023393,2016-09-18 21:33:49
20025044,2016-09-18 21:56:27
20025941,2016-09-18 22:09:05
20026721,2016-09-18 22:21:50
20026747,2016-09-18 22:21:56
20028138,2016-09-18 22:48:37
20042334,2016-09-19 13:34:52
20043426,2016-09-19 14:05:22
20069634,2016-09-19 22:14:05
20072039,2016-09-19 23:00:30
20075692,2016-09-20 09:00:54
20104929,2016-09-20 20:41:24
20173907,2016-09-22 16:09:26
20043413,2016-09-22 16:09:25
20166133,2016-09-22 16:34:58
19955143,2016-09-22 20:33:47
19943339,2016-09-23 10:26:15
20141992,2016-09-23 11:18:01
19999720,2016-09-23 12:14:42
19873477,2016-09-23 21:30:53
19998043,2016-09-25 07:29:37
20356908,2016-09-25 18:51:53
20380789,2016-09-26 10:49:24
20356622,2016-09-26 12:38:36
20388108,2016-09-26 12:57:49
20419399,2016-09-26 23:23:08
20401576,2016-09-27 10:29:29
20005141,2016-09-28 10:53:48
20344311,2016-09-28 10:57:15
20493850,2016-09-28 11:17:35
20248657,2016-09-28 11:56:57
20343323,2016-09-28 12:00:57
20343713,2016-09-28 12:04:44
20495839,2016-09-28 12:18:44
19926335,2016-09-28 13:02:22
20343960,2016-09-28 13:23:52
20428070,2016-09-28 14:31:05
20494851,2016-09-28 15:33:00
20529483,2016-09-28 22:01:42
20544368,2016-09-29 11:01:41
19994338,2016-09-29 12:31:21
20100743,2016-09-29 17:03:35
16940209,2016-10-06 21:13:21
19871566,2016-10-06 21:18:36
20788898,2016-10-09 09:42:34
20815483,2016-10-09 14:56:50
20355218,2016-10-09 22:05:22
20898605,2016-10-10 13:29:03
20899255,2016-10-10 13:40:26
20902739,2016-10-10 14:38:50
20903701,2016-10-10 14:59:16
20940309,2016-10-10 18:55:35
20087093,2016-10-10 23:23:57
20992842,2016-10-11 10:38:30
20899047,2016-10-12 08:17:44
20435701,2016-10-15 12:54:09
21426041,2016-10-17 14:02:01
20884526,2016-10-17 16:31:24
20315217,2016-10-17 22:57:10
21534422,2016-10-18 18:01:37
21371558,2016-10-20 10:50:55
20390552,2016-10-20 15:48:33
21749910,2016-10-21 09:49:12
17042168,2016-10-21 10:17:31
21753368,2016-10-21 10:39:35
13049829,2016-10-21 12:09:37
13046761,2016-10-21 16:04:09
21822749,2016-10-22 10:33:10
21908042,2016-10-23 15:00:26
21936863,2016-10-24 13:56:23
22024379,2016-10-24 21:03:58
22576450,2016-11-01 10:57:15
13056758,2016-11-05 15:25:30
23426260,2016-11-14 21:41:59
17682951,2016-11-16 10:29:00
23861487,2016-11-20 15:43:36
22485970,2016-11-21 10:36:15
13056745,2016-11-22 16:23:42
13070447,2016-12-04 12:55:34
21388991,2016-12-05 12:12:10
24644022,2016-12-06 15:21:11
25013898,2016-12-21 20:48:12
25021061,2016-12-22 11:29:34
12995411,2016-12-22 11:35:29
12229048,2016-12-22 16:16:29
13070668,2016-12-24 10:50:19
8087157,2016-12-26 05:09:20
25078222,2016-12-26 15:06:33
12244856,2016-12-27 13:18:27
13102635,2017-01-20 14:11:41
25300028,2017-01-21 13:28:55
13015743,2017-01-23 15:31:42
25312027,2017-01-23 21:42:46
25977718,2017-03-13 14:44:04
25978329,2017-03-13 14:51:40
26015834,2017-03-13 23:02:00
26044083,2017-03-14 16:14:07
13024167,2017-03-15 09:12:16
26081211,2017-03-15 09:16:56
26081601,2017-03-15 09:52:05
26082420,2017-03-15 10:07:11
26082498,2017-03-15 10:09:33
26082940,2017-03-15 10:15:18
26083252,2017-03-15 10:21:38
26083551,2017-03-15 10:22:43
26082173,2017-03-15 10:47:23
26085111,2017-03-15 10:55:00
26085488,2017-03-15 11:01:36
26094809,2017-03-15 15:05:37
26111020,2017-03-15 18:18:31
26134134,2017-03-16 10:07:51
26144677,2017-03-16 15:31:31
26168623,2017-03-17 09:12:37
26199303,2017-03-18 09:33:05
26293787,2017-03-21 08:50:56
12263953,2017-03-22 23:11:32
8088678,2017-03-23 09:25:42
26411112,2017-03-24 18:16:52
26421044,2017-03-25 11:32:10
26421694,2017-03-25 12:06:49
26464347,2017-03-27 17:59:49
26472134,2017-03-27 21:01:40
26577759,2017-04-01 10:54:00
26585455,2017-04-02 11:21:28
26586625,2017-04-02 13:37:57
26892242,2017-04-18 18:05:45
26983983,2017-04-22 10:07:15
17484155,2017-05-08 21:57:57
8088158,2017-05-09 21:12:20
27390012,2017-05-18 18:30:25
27401101,2017-05-25 11:12:45
27401153,2017-05-25 11:15:20
27402856,2017-05-25 11:15:45
27401127,2017-05-25 11:16:18
27401062,2017-05-25 11:17:35
27423136,2017-05-25 11:18:01
12990419,2017-05-25 11:21:48
27400737,2017-05-25 11:27:38
13009828,2017-05-25 11:41:27
27411475,2017-05-25 12:01:29
27410916,2017-05-25 12:12:03
27423370,2017-05-25 12:42:21
27400906,2017-05-25 12:54:32
7365514,2017-05-25 13:49:01
27406964,2017-05-25 19:16:09
17034290,2017-05-25 20:46:36
27435733,2017-05-25 23:56:55
27424033,2017-05-26 07:55:11
27411514,2017-05-29 23:28:08
27421927,2017-05-31 11:33:35
7363226,2017-06-07 11:00:10
27435473,2017-06-08 17:04:18
27400945,2017-06-09 20:00:19
12981007,2017-06-13 15:17:13
27414088,2017-06-19 16:20:56
27411540,2017-06-19 16:38:15
27402323,2017-06-19 21:24:25
27404286,2017-06-20 14:51:15
27400828,2017-06-24 13:22:27
27423019,2017-06-24 14:16:08
27401244,2017-06-25 08:51:01
27435356,2017-06-27 11:57:10
13041782,2017-06-27 17:49:11
13019071,2017-06-27 18:58:35
13032721,2017-06-28 14:52:44
13023894,2017-06-29 22:14:54
27401036,2017-07-07 15:05:30
21442629,2017-08-15 17:40:08
